loyalty number,year,month,flights booked,flights with companions,total flights,distance,points accumulated,points redeemed,dollar cost points redeemed
184151,2017,7,16,10,26,6136,613.0,447,36
733181,2017,6,18,9,27,5643,564.0,445,36
263339,2018,6,18,9,27,5643,564.0,445,36
813620,2017,7,19,8,27,5994,599.0,481,39
895537,2017,8,17,9,26,5434,543.0,438,36
981664,2018,6,18,10,28,5852,585.0,467,38
830385,2018,7,19,11,30,6120,612.0,480,39
749430,2017,6,20,8,28,5488,548.0,431,35
765252,2018,6,20,8,28,5488,548.0,431,35
823789,2017,8,18,8,26,5096,509.0,404,33
883702,2018,7,21,9,30,5730,573.0,442,36
835491,2017,7,17,10,27,5805,580.0,471,38
675204,2017,7,18,9,27,5859,585.0,477,39
968943,2018,7,18,9,27,5859,585.0,477,39
565351,2017,7,18,11,29,5974,597.0,485,39
707967,2018,7,18,11,29,5974,597.0,485,39
955178,2018,7,18,11,29,5945,594.0,485,39
844540,2017,6,20,6,26,5252,525.0,437,35
619920,2018,6,20,6,26,5252,525.0,437,35
754416,2018,7,21,7,28,5488,548.0,449,36
845864,2017,7,15,11,26,5642,564.0,491,40
618886,2018,7,15,11,26,5642,564.0,491,40
164374,2017,6,18,9,27,5454,545.0,483,39
135421,2018,6,18,9,27,5454,545.0,483,39
976596,2018,8,17,9,26,5122,512.0,453,37
623903,2017,8,17,9,26,5252,525.0,469,38
592966,2018,6,18,10,28,5656,565.0,501,41
885274,2018,7,19,11,30,5880,588.0,515,42
148258,2017,6,18,8,26,5200,520.0,530,43
844959,2017,7,17,10,27,5994,599.0,563,46
669373,2017,6,20,8,28,5712,571.0,523,42
709920,2017,7,20,7,27,5427,542.0,506,41
363967,2018,6,17,10,27,5481,548.0,515,42
690890,2018,7,18,11,29,5742,574.0,529,43
161045,2017,6,20,9,29,4263,426.0,0,0
166677,2017,7,16,10,26,2678,267.0,0,0
233084,2018,7,19,7,26,5070,507.0,491,40
127663,2017,7,21,9,30,6180,618.0,598,48
324997,2018,7,21,9,30,6180,618.0,598,48
181139,2017,8,17,9,26,2652,265.0,0,0
693659,2017,7,20,8,28,5404,540.0,524,42
387570,2018,7,20,8,28,5404,540.0,524,42
182587,2017,8,18,9,27,4401,440.0,0,0
133429,2018,6,17,10,27,5859,585.0,588,48
958767,2017,7,17,11,28,4928,492.0,465,38
189294,2018,7,19,7,26,4160,416.0,0,0
660047,2018,6,20,8,28,4788,478.0,457,37
170965,2018,7,21,9,30,5010,501.0,469,38
191626,2018,7,20,6,26,3068,306.0,0,0
329826,2017,7,17,10,27,5616,561.0,574,46
773012,2017,7,20,10,30,4950,495.0,466,38
510224,2018,7,20,10,30,4950,495.0,466,38
901550,2018,6,18,8,26,5200,520.0,530,43
248138,2018,7,19,9,28,5432,543.0,545,44
819765,2017,7,19,8,27,5589,558.0,573,46
290465,2018,7,19,8,27,5589,558.0,573,46
421580,2017,7,21,8,29,5191,519.0,518,42
217967,2017,7,18,8,26,5096,509.0,0,0
232555,2018,7,19,8,27,5427,542.0,0,0
866604,2018,7,17,10,27,5238,523.0,559,45
677217,2017,7,20,8,28,5348,534.0,569,46
787472,2018,7,20,8,28,5348,534.0,569,46
676941,2017,7,19,11,30,5640,564.0,593,48
950393,2018,7,19,11,30,5640,564.0,593,48
462833,2017,7,16,10,26,4758,475.0,505,41
320191,2018,8,18,9,27,4374,437.0,446,36
237586,2017,7,21,6,27,3132,313.0,800,64
920792,2017,7,21,10,31,4929,492.0,489,40
238193,2017,8,18,9,27,2808,280.0,0,0
789148,2018,6,17,9,26,5798,579.0,657,53
748299,2018,7,18,10,28,6048,604.0,675,54
747578,2018,7,18,9,27,5562,556.0,620,50
462128,2018,7,21,6,27,5643,564.0,633,51
471706,2017,7,16,10,26,4212,421.0,442,36
406564,2017,6,20,7,27,4536,453.0,491,40
617171,2018,6,20,7,27,4536,453.0,491,40
651377,2018,7,21,8,29,4756,475.0,504,41
927943,2017,6,20,7,27,5400,540.0,619,50
683503,2018,6,20,7,27,5400,540.0,619,50
403052,2018,7,21,8,29,5626,562.0,637,51
196240,2017,6,20,8,28,4844,484.0,530,43
346295,2018,6,20,8,28,4844,484.0,530,43
165019,2017,8,18,8,26,4498,449.0,496,40
193928,2018,8,18,8,26,4498,449.0,496,40
258799,2018,7,19,7,26,2236,223.0,707,57
239955,2017,12,17,9,26,4732,473.0,531,43
808096,2018,8,18,9,27,4968,496.0,559,45
266298,2017,7,20,9,29,4843,484.0,0,0
907209,2018,7,19,8,27,5130,513.0,594,48
876083,2017,6,20,8,28,5656,565.0,665,54
593421,2018,6,20,8,28,5656,565.0,665,54
544337,2017,8,18,8,26,5252,525.0,621,50
966391,2018,7,21,9,30,5910,591.0,684,55
863108,2017,7,19,11,30,5490,549.0,629,51
612311,2018,7,19,11,30,5490,549.0,629,51
100301,2017,6,20,8,28,2912,291.0,0,0
100644,2017,6,20,9,29,2668,266.0,0,0
100753,2017,6,17,10,27,5562,556.0,0,0
102299,2017,6,17,10,27,3402,340.0,0,0
102877,2017,6,20,9,29,6032,603.0,0,0
103340,2017,6,20,7,27,5724,572.0,0,0
107119,2017,6,20,7,27,2646,264.0,0,0
113839,2017,6,17,10,27,2916,291.0,0,0
115354,2017,6,19,10,29,5916,591.0,0,0
117482,2017,6,20,7,27,5616,561.0,0,0
118628,2017,6,20,10,30,3630,363.0,0,0
121095,2017,6,19,9,28,3472,347.0,0,0
122166,2017,6,19,10,29,3016,301.0,0,0
126262,2017,6,20,8,28,3388,338.0,0,0
128975,2017,6,19,8,27,4428,442.0,0,0
129030,2017,6,19,8,27,4509,450.0,0,0
130368,2017,6,17,9,26,5668,566.0,0,0
134717,2017,6,20,7,27,3483,348.0,0,0
138981,2017,6,20,6,26,2886,288.0,0,0
141266,2017,6,16,10,26,3120,312.0,0,0
141614,2017,6,20,6,26,4576,457.0,0,0
148690,2017,6,17,10,27,3618,361.0,0,0
153003,2017,6,20,7,27,3105,310.0,0,0
154230,2017,6,18,8,26,4290,429.0,0,0
160181,2017,6,20,6,26,4368,436.0,0,0
160707,2017,6,20,10,30,3450,345.0,0,0
162489,2017,6,16,10,26,1872,187.0,0,0
320180,2018,8,17,9,26,5252,525.0,639,52
166705,2017,6,18,9,27,2538,253.0,0,0
765518,2017,7,19,10,29,5858,585.0,703,57
171419,2017,6,20,6,26,5070,507.0,0,0
173343,2017,6,18,8,26,3042,304.0,0,0
174743,2017,6,16,10,26,2366,236.0,0,0
186015,2017,6,20,10,30,4710,471.0,0,0
188893,2017,6,17,9,26,3692,369.0,0,0
199478,2017,6,20,7,27,3834,383.0,0,0
201816,2017,6,18,8,26,4680,468.0,0,0
202248,2017,6,20,8,28,3276,327.0,0,0
551510,2018,6,19,10,29,5568,556.0,659,53
936214,2017,12,17,9,26,4914,491.0,585,47
941882,2018,12,17,9,26,4914,491.0,585,47
781052,2017,7,20,11,31,5797,579.0,678,55
786709,2018,7,20,11,31,5797,579.0,678,55
216762,2017,6,20,10,30,2280,228.0,0,0
221205,2017,6,19,10,29,1914,191.0,0,0
221446,2017,6,19,9,28,4172,417.0,0,0
221775,2017,6,18,8,26,2080,208.0,0,0
232290,2017,6,16,10,26,2470,247.0,0,0
236710,2017,6,17,10,27,5643,564.0,0,0
239970,2017,6,16,10,26,5746,574.0,0,0
254361,2017,6,17,10,27,5886,588.0,0,0
257301,2017,6,20,10,30,2580,258.0,0,0
258238,2017,6,20,7,27,5616,561.0,0,0
260245,2017,6,20,10,30,5400,540.0,0,0
261715,2017,6,19,9,28,4480,448.0,0,0
265566,2017,6,20,9,29,3828,382.0,0,0
270901,2017,6,16,10,26,4992,499.0,0,0
296104,2017,7,20,9,29,1943,194.0,765,62
295078,2017,6,20,6,26,3640,364.0,0,0
366654,2017,7,20,7,27,5319,531.0,644,52
403500,2018,7,20,7,27,5319,531.0,644,52
297379,2017,6,20,10,30,5250,525.0,0,0
309110,2017,6,18,8,26,4862,486.0,0,0
311943,2017,6,20,9,29,5539,553.0,0,0
312490,2017,6,20,7,27,2889,288.0,0,0
313477,2017,6,19,10,29,2900,290.0,0,0
316308,2017,6,18,10,28,3864,386.0,0,0
324881,2017,6,18,8,26,5850,585.0,0,0
325490,2017,6,20,8,28,4900,490.0,0,0
326280,2017,6,19,7,26,4056,405.0,0,0
326803,2017,6,20,9,29,5423,542.0,0,0
328213,2017,6,20,7,27,2781,278.0,0,0
332711,2017,6,16,10,26,5096,509.0,0,0
333825,2017,6,17,10,27,4995,499.0,0,0
334224,2017,6,20,9,29,4234,423.0,0,0
344009,2017,6,20,9,29,1856,185.0,0,0
348400,2017,6,18,8,26,2626,262.0,0,0
348751,2017,6,19,8,27,3402,340.0,0,0
349342,2017,6,20,9,29,4060,406.0,0,0
350001,2017,6,16,10,26,4394,439.0,0,0
351889,2017,6,19,10,29,4495,449.0,0,0
355298,2017,6,18,8,26,5434,543.0,0,0
364067,2017,6,18,10,28,4648,464.0,0,0
364908,2017,6,17,10,27,5913,591.0,0,0
368566,2017,6,18,8,26,2522,252.0,0,0
371675,2017,6,20,8,28,2044,204.0,0,0
371739,2017,6,20,10,30,3360,336.0,0,0
382464,2017,6,20,7,27,3753,375.0,0,0
396996,2017,6,19,10,29,4640,464.0,0,0
401834,2017,6,17,9,26,3250,325.0,0,0
415896,2017,6,18,10,28,2016,201.0,0,0
419540,2017,6,17,10,27,5022,502.0,0,0
422787,2017,6,20,9,29,3219,321.0,0,0
424983,2017,6,16,10,26,1768,176.0,0,0
432200,2017,6,19,10,29,3451,345.0,0,0
432843,2017,6,20,10,30,2880,288.0,0,0
432938,2017,6,18,9,27,2241,224.0,0,0
434136,2017,6,19,10,29,5626,562.0,0,0
454632,2017,6,19,8,27,3645,364.0,0,0
458984,2017,6,19,7,26,2938,293.0,0,0
302129,2018,7,19,8,27,3348,334.0,0,0
466998,2017,6,18,8,26,5720,572.0,0,0
470591,2017,6,20,6,26,5460,546.0,0,0
471098,2017,6,19,9,28,5488,548.0,0,0
482940,2017,6,18,9,27,4131,413.0,0,0
485397,2017,6,20,8,28,5628,562.0,0,0
487930,2017,6,17,10,27,2970,297.0,0,0
489279,2017,6,19,9,28,4900,490.0,0,0
490479,2017,6,19,8,27,5913,591.0,0,0
490806,2017,6,20,8,28,5348,534.0,0,0
490824,2017,6,20,10,30,2370,237.0,0,0
492812,2017,6,17,9,26,1716,171.0,0,0
493427,2017,6,19,9,28,4284,428.0,0,0
515134,2017,6,18,8,26,3354,335.0,0,0
518236,2017,6,17,9,26,3640,364.0,0,0
518582,2017,6,18,10,28,2604,260.0,0,0
529415,2017,6,17,10,27,5049,504.0,0,0
532813,2017,6,20,8,28,3332,333.0,0,0
535544,2017,6,16,10,26,3198,319.0,0,0
537795,2017,6,18,8,26,3380,338.0,0,0
539776,2017,6,16,10,26,2756,275.0,0,0
540551,2017,6,18,10,28,3052,305.0,0,0
542014,2017,6,19,8,27,2430,243.0,0,0
547355,2017,6,16,10,26,2808,280.0,0,0
547802,2017,6,20,10,30,4260,426.0,0,0
548752,2017,6,18,10,28,2352,235.0,0,0
574640,2017,6,20,7,27,1701,170.0,0,0
575574,2017,6,18,10,28,5208,520.0,0,0
580554,2017,6,20,10,30,2340,234.0,0,0
586191,2017,6,18,10,28,4480,448.0,0,0
592145,2017,6,17,10,27,3861,386.0,0,0
601681,2017,6,20,7,27,3294,329.0,0,0
533509,2018,7,17,10,27,6183,618.0,798,64
606846,2017,6,18,8,26,3874,387.0,0,0
608739,2017,6,20,7,27,3429,342.0,0,0
611817,2017,6,20,7,27,4158,415.0,0,0
614246,2017,6,17,9,26,5096,509.0,0,0
619920,2017,6,19,10,29,4031,403.0,0,0
628578,2017,6,20,9,29,1972,197.0,0,0
631853,2017,6,16,10,26,4810,481.0,0,0
635616,2017,6,18,9,27,3051,305.0,0,0
637641,2017,6,19,9,28,5712,571.0,0,0
638368,2017,6,18,8,26,1898,189.0,0,0
642808,2017,6,18,10,28,3976,397.0,0,0
538949,2018,8,18,9,27,4536,453.0,535,43
929701,2017,7,21,10,31,5115,511.0,588,48
648365,2017,6,20,6,26,3458,345.0,0,0
252419,2017,6,20,9,29,5742,574.0,710,57
391611,2018,6,20,9,29,5742,574.0,710,57
659781,2017,6,17,10,27,2133,213.0,0,0
661744,2017,6,19,7,26,2340,234.0,0,0
662750,2017,6,18,9,27,1728,172.0,0,0
665548,2017,6,17,9,26,5356,535.0,0,0
307233,2017,6,19,7,26,4550,455.0,0,0
667860,2017,6,19,7,26,3042,304.0,0,0
668253,2017,6,20,10,30,5130,513.0,0,0
669028,2017,6,19,8,27,1701,170.0,0,0
670131,2017,6,16,10,26,2990,299.0,0,0
683356,2017,6,16,10,26,5148,514.0,0,0
683470,2017,6,17,9,26,4368,436.0,0,0
684123,2017,6,19,7,26,1846,184.0,0,0
698242,2017,6,20,7,27,2106,210.0,0,0
699397,2017,6,19,10,29,5046,504.0,0,0
707023,2017,6,18,10,28,2016,201.0,0,0
711625,2017,6,17,9,26,5070,507.0,0,0
713423,2017,6,19,9,28,4256,425.0,0,0
715817,2017,6,19,9,28,2240,224.0,0,0
717308,2017,6,19,8,27,4077,407.0,0,0
717700,2017,6,18,8,26,5070,507.0,0,0
719383,2017,6,17,10,27,5859,585.0,0,0
721423,2017,6,20,8,28,2604,260.0,0,0
723186,2017,6,20,9,29,5365,536.0,0,0
733658,2017,6,20,7,27,5697,569.0,0,0
736685,2017,6,20,10,30,4920,492.0,0,0
744675,2017,6,19,10,29,5191,519.0,0,0
745729,2017,6,17,9,26,2314,231.0,0,0
746060,2017,6,16,10,26,2730,273.0,0,0
750280,2017,6,18,10,28,3556,355.0,0,0
751718,2017,6,19,7,26,2730,273.0,0,0
756481,2017,6,17,10,27,3429,342.0,0,0
756928,2017,6,19,8,27,3591,359.0,0,0
761114,2017,6,20,10,30,2550,255.0,0,0
763071,2017,6,20,8,28,1820,182.0,0,0
770094,2017,6,17,9,26,5252,525.0,0,0
774272,2017,6,17,9,26,5226,522.0,0,0
775170,2017,6,18,9,27,5319,531.0,0,0
314065,2017,7,19,8,27,5130,513.0,594,48
784838,2017,6,19,8,27,3294,329.0,0,0
805170,2017,6,17,10,27,5535,553.0,0,0
811289,2017,6,17,10,27,2592,259.0,0,0
819969,2017,6,18,9,27,4698,469.0,0,0
823113,2017,6,20,10,30,3660,366.0,0,0
823761,2017,6,18,9,27,3510,351.0,0,0
828988,2017,6,16,10,26,2210,221.0,0,0
834066,2017,6,16,10,26,3458,345.0,0,0
834576,2017,6,20,7,27,5022,502.0,0,0
845994,2017,6,16,10,26,2756,275.0,0,0
847724,2017,6,19,10,29,3596,359.0,0,0
853894,2017,6,20,9,29,3741,374.0,0,0
854902,2017,6,18,10,28,3416,341.0,0,0
882725,2017,6,17,10,27,3294,329.0,0,0
891696,2017,6,18,10,28,3304,330.0,0,0
893040,2017,6,16,10,26,2184,218.0,0,0
896861,2017,6,20,10,30,4560,456.0,0,0
898698,2017,6,20,7,27,3888,388.0,0,0
901987,2017,6,17,9,26,2600,260.0,0,0
902966,2017,6,18,8,26,5694,569.0,0,0
904367,2017,6,19,10,29,4988,498.0,0,0
907252,2017,6,18,8,26,3588,358.0,0,0
922161,2017,6,17,10,27,2133,213.0,0,0
923201,2017,6,19,9,28,5460,546.0,0,0
930921,2017,6,20,7,27,3726,372.0,0,0
949890,2017,6,17,10,27,3375,337.0,0,0
955652,2017,6,18,9,27,2187,218.0,0,0
957061,2017,6,18,10,28,3752,375.0,0,0
328173,2017,7,19,8,27,2430,243.0,0,0
971142,2017,6,17,10,27,2862,286.0,0,0
976695,2017,6,19,9,28,4452,445.0,0,0
978349,2017,6,20,10,30,4020,402.0,0,0
982017,2017,6,17,9,26,3510,351.0,0,0
983713,2017,6,20,9,29,5771,577.0,0,0
990918,2017,6,20,6,26,3094,309.0,0,0
997964,2017,6,19,7,26,4264,426.0,0,0
105789,2017,7,19,11,30,5760,576.0,0,0
107203,2017,7,21,10,31,3193,319.0,0,0
113877,2017,7,21,7,28,5292,529.0,0,0
117219,2017,7,18,8,26,4784,478.0,0,0
118632,2017,7,20,9,29,3654,365.0,0,0
120393,2017,7,21,5,26,5174,517.0,0,0
121068,2017,7,20,11,31,5642,564.0,0,0
122020,2017,7,16,10,26,2860,286.0,0,0
123060,2017,7,21,6,27,5427,542.0,0,0
124678,2017,7,19,9,28,6104,610.0,0,0
127039,2017,7,17,11,28,4396,439.0,0,0
127279,2017,7,15,11,26,2600,260.0,0,0
127410,2017,7,18,10,28,3472,347.0,0,0
128280,2017,7,18,10,28,4788,478.0,0,0
128950,2017,7,17,10,27,2079,207.0,0,0
135076,2017,7,19,7,26,5018,501.0,0,0
136637,2017,7,17,9,26,3770,377.0,0,0
136715,2017,7,18,11,29,2668,266.0,0,0
138993,2017,7,21,7,28,4844,484.0,0,0
139511,2017,7,17,9,26,3354,335.0,0,0
142190,2017,7,19,10,29,2117,211.0,0,0
149462,2017,7,20,9,29,6061,606.0,0,0
149549,2017,7,18,10,28,2912,291.0,0,0
152014,2017,7,19,9,28,2044,204.0,0,0
160686,2017,7,15,11,26,2678,267.0,0,0
160773,2017,7,21,11,32,5888,588.0,0,0
334273,2017,6,19,7,26,3744,374.0,0,0
164226,2017,7,17,9,26,1950,195.0,0,0
164973,2017,7,19,8,27,3132,313.0,0,0
165484,2017,7,21,8,29,3451,345.0,0,0
167062,2017,7,21,8,29,1827,182.0,0,0
170585,2017,7,18,9,27,3024,302.0,0,0
173446,2017,7,16,10,26,2782,278.0,0,0
174343,2017,7,18,8,26,5096,509.0,0,0
179042,2017,7,20,8,28,3024,302.0,0,0
179153,2017,7,19,7,26,3510,351.0,0,0
180380,2017,7,21,8,29,4872,487.0,0,0
183208,2017,7,21,8,29,3944,394.0,0,0
184306,2017,7,19,8,27,5535,553.0,0,0
188328,2017,7,20,8,28,4704,470.0,0,0
189197,2017,7,17,9,26,2912,291.0,0,0
190227,2017,7,18,10,28,5712,571.0,0,0
190716,2017,7,17,11,28,1988,198.0,0,0
196016,2017,7,16,11,27,2754,275.0,0,0
198836,2017,7,16,11,27,3105,310.0,0,0
201115,2017,7,16,11,27,1755,175.0,0,0
201564,2017,7,21,9,30,2760,276.0,0,0
203184,2017,7,20,10,30,4680,468.0,0,0
205785,2017,7,19,9,28,4228,422.0,0,0
208234,2017,7,18,11,29,2813,281.0,0,0
208485,2017,7,20,9,29,2523,252.0,0,0
209675,2017,7,19,11,30,2970,297.0,0,0
212230,2017,7,21,7,28,5180,518.0,0,0
163388,2017,7,21,7,28,5488,548.0,697,56
216517,2017,7,16,10,26,4082,408.0,0,0
217054,2017,7,19,10,29,3132,313.0,0,0
217754,2017,7,21,5,26,3172,317.0,0,0
218545,2017,7,16,11,27,4104,410.0,0,0
220794,2017,7,20,7,27,5508,550.0,0,0
220806,2017,7,18,10,28,4872,487.0,0,0
223946,2017,7,19,11,30,3120,312.0,0,0
223958,2017,7,17,9,26,5070,507.0,0,0
229621,2017,7,20,7,27,4347,434.0,0,0
236026,2017,7,19,11,30,5100,510.0,0,0
236593,2017,7,18,11,29,2378,237.0,0,0
238556,2017,7,17,11,28,2520,252.0,0,0
239606,2017,7,18,10,28,3892,389.0,0,0
243005,2017,7,20,6,26,3666,366.0,0,0
243713,2017,7,17,11,28,2632,263.0,0,0
243741,2017,7,19,7,26,2106,210.0,0,0
244387,2017,7,18,8,26,3562,356.0,0,0
244652,2017,7,17,9,26,5720,572.0,0,0
245419,2017,7,21,8,29,2784,278.0,0,0
247180,2017,7,19,10,29,3277,327.0,0,0
249019,2017,7,20,11,31,5456,545.0,0,0
249224,2017,7,20,11,31,3565,356.0,0,0
249559,2017,7,17,9,26,5616,561.0,0,0
249982,2017,7,20,6,26,5174,517.0,0,0
250854,2017,7,20,8,28,1960,196.0,0,0
259110,2017,7,15,11,26,3536,353.0,0,0
260513,2017,7,16,11,27,3753,375.0,0,0
262177,2017,7,20,8,28,5348,534.0,0,0
263246,2017,7,21,9,30,5670,567.0,0,0
264145,2017,7,18,11,29,3074,307.0,0,0
264486,2017,7,18,8,26,4030,403.0,0,0
264741,2017,7,19,11,30,4890,489.0,0,0
268281,2017,7,16,11,27,3969,396.0,0,0
271911,2017,7,19,10,29,2088,208.0,0,0
509928,2018,6,16,10,26,5616,561.0,739,60
585780,2017,7,17,11,28,5852,585.0,760,61
676409,2018,7,17,11,28,5852,585.0,760,61
275358,2017,7,19,10,29,2552,255.0,0,0
276035,2017,7,20,7,27,3132,313.0,0,0
277649,2017,7,18,10,28,5516,551.0,0,0
277855,2017,7,21,6,27,4671,467.0,0,0
279919,2017,7,21,8,29,3799,379.0,0,0
280545,2017,7,17,11,28,3864,386.0,0,0
280641,2017,7,20,10,30,5340,534.0,0,0
287942,2017,7,20,11,31,4216,421.0,0,0
288500,2017,7,20,11,31,4588,458.0,0,0
289863,2017,7,18,10,28,2744,274.0,0,0
290249,2017,7,18,10,28,1792,179.0,0,0
290362,2017,7,17,11,28,5740,574.0,0,0
294027,2017,7,19,7,26,4108,410.0,0,0
300371,2017,7,15,11,26,4550,455.0,0,0
301112,2017,7,18,8,26,3822,382.0,0,0
310396,2017,7,20,7,27,5319,531.0,0,0
314147,2017,7,18,10,28,3220,322.0,0,0
314258,2017,7,16,10,26,4368,436.0,0,0
315527,2017,7,19,11,30,4920,492.0,0,0
318945,2017,7,20,6,26,3068,306.0,0,0
321436,2017,7,21,9,30,6000,600.0,0,0
322000,2017,7,18,10,28,3024,302.0,0,0
326564,2017,7,17,10,27,3672,367.0,0,0
328323,2017,7,16,10,26,4108,410.0,0,0
329735,2017,7,21,9,30,2160,216.0,0,0
330433,2017,7,18,11,29,4669,466.0,0,0
331301,2017,7,20,7,27,4131,413.0,0,0
333451,2017,7,21,5,26,2756,275.0,0,0
333773,2017,7,20,10,30,5340,534.0,0,0
334329,2017,7,18,10,28,2240,224.0,0,0
336281,2017,7,19,9,28,5684,568.0,0,0
336809,2017,7,17,9,26,2080,208.0,0,0
336882,2017,7,19,8,27,3294,329.0,0,0
337815,2017,7,21,5,26,4654,465.0,0,0
345657,2017,7,21,8,29,2001,200.0,0,0
349220,2017,7,19,10,29,1856,185.0,0,0
352053,2017,7,20,8,28,4732,473.0,0,0
358792,2017,7,20,10,30,4650,465.0,0,0
362293,2017,7,19,10,29,2900,290.0,0,0
362541,2017,7,21,8,29,2987,298.0,0,0
366487,2017,7,16,11,27,4239,423.0,0,0
368073,2017,7,21,10,31,4588,458.0,0,0
369141,2017,7,17,10,27,1836,183.0,0,0
369569,2017,7,19,9,28,2408,240.0,0,0
371511,2017,7,18,11,29,4292,429.0,0,0
372261,2017,7,18,9,27,4320,432.0,0,0
375511,2017,7,19,9,28,4004,400.0,0,0
377050,2017,7,18,10,28,4032,403.0,0,0
378014,2017,7,17,9,26,4030,403.0,0,0
385718,2017,7,17,9,26,5720,572.0,0,0
386986,2017,7,18,8,26,1950,195.0,0,0
394812,2017,7,17,10,27,5562,556.0,0,0
397947,2017,7,20,6,26,2782,278.0,0,0
398611,2017,7,21,10,31,5611,561.0,0,0
401769,2017,7,21,8,29,3451,345.0,0,0
406574,2017,7,17,9,26,4082,408.0,0,0
409684,2017,7,20,11,31,5239,523.0,0,0
410341,2017,7,17,9,26,3276,327.0,0,0
412817,2017,7,17,10,27,2646,264.0,0,0
413115,2017,7,18,8,26,3354,335.0,0,0
413741,2017,7,21,11,32,2368,236.0,0,0
414741,2017,7,19,9,28,2016,201.0,0,0
418281,2017,7,18,9,27,2673,267.0,0,0
418327,2017,7,19,8,27,4752,475.0,0,0
419493,2017,7,19,11,30,6120,612.0,0,0
420786,2017,7,19,11,30,4170,417.0,0,0
422358,2017,7,16,10,26,2158,215.0,0,0
423254,2017,7,21,8,29,4089,408.0,0,0
424837,2017,7,20,8,28,3052,305.0,0,0
424917,2017,7,19,8,27,2484,248.0,0,0
430059,2017,7,20,11,31,5270,527.0,0,0
430107,2017,7,15,11,26,4212,421.0,0,0
441509,2017,6,20,7,27,4671,467.0,580,47
435156,2017,7,21,10,31,4030,403.0,0,0
684881,2018,7,21,8,29,4901,490.0,596,48
436010,2017,7,19,10,29,5220,522.0,0,0
441389,2017,7,17,9,26,4082,408.0,0,0
442792,2017,7,21,9,30,4410,441.0,0,0
443199,2017,7,21,5,26,3926,392.0,0,0
445675,2017,7,18,8,26,6006,600.0,0,0
446315,2017,7,18,8,26,4082,408.0,0,0
451226,2017,7,21,10,31,3038,303.0,0,0
455319,2017,7,19,11,30,6090,609.0,0,0
456294,2017,7,17,9,26,3250,325.0,0,0
456887,2017,7,19,8,27,5643,564.0,0,0
460043,2017,7,21,6,27,4644,464.0,0,0
463263,2017,7,19,7,26,4238,423.0,0,0
463971,2017,7,19,8,27,5859,585.0,0,0
467631,2017,7,21,6,27,3024,302.0,0,0
475532,2017,7,20,11,31,2604,260.0,0,0
483623,2017,7,21,7,28,5152,515.0,0,0
352026,2017,7,18,10,28,5208,520.0,0,0
490479,2017,7,20,8,28,5880,588.0,0,0
490932,2017,7,18,11,29,5017,501.0,0,0
495773,2017,7,20,6,26,2314,231.0,0,0
496357,2017,7,21,5,26,4732,473.0,0,0
700286,2018,6,19,7,26,5850,585.0,795,64
502943,2017,7,17,10,27,3618,361.0,0,0
504078,2017,7,20,8,28,5208,520.0,0,0
506190,2017,7,16,11,27,4860,486.0,0,0
509513,2017,7,20,11,31,6231,623.0,0,0
510513,2017,7,21,11,32,5984,598.0,0,0
512869,2017,7,17,10,27,1728,172.0,0,0
513661,2017,7,18,11,29,2639,263.0,0,0
513708,2017,7,19,7,26,5824,582.0,0,0
515981,2017,7,17,10,27,1917,191.0,0,0
528226,2017,7,19,9,28,4536,453.0,0,0
528447,2017,7,16,10,26,3614,361.0,0,0
528985,2017,7,18,9,27,2538,253.0,0,0
550896,2017,7,17,11,28,1932,193.0,0,0
556136,2017,7,19,8,27,4860,486.0,0,0
557640,2017,7,18,11,29,5307,530.0,0,0
563086,2017,7,21,5,26,2652,265.0,0,0
567227,2017,7,17,9,26,3614,361.0,0,0
574771,2017,7,17,11,28,2436,243.0,0,0
577156,2017,7,21,11,32,5536,553.0,0,0
579377,2017,7,18,11,29,4060,406.0,0,0
580834,2017,7,21,7,28,2716,271.0,0,0
582690,2017,7,17,9,26,4628,462.0,0,0
584017,2017,7,17,11,28,1792,179.0,0,0
595965,2017,7,18,8,26,4030,403.0,0,0
599483,2017,7,19,9,28,5264,526.0,0,0
600651,2017,7,15,11,26,3068,306.0,0,0
603539,2017,7,16,10,26,2808,280.0,0,0
604870,2017,7,20,7,27,3024,302.0,0,0
605907,2017,7,21,6,27,4698,469.0,0,0
608605,2017,7,19,8,27,4509,450.0,0,0
609532,2017,7,19,8,27,6021,602.0,0,0
610573,2017,7,18,10,28,3528,352.0,0,0
613185,2017,7,17,11,28,3528,352.0,0,0
613303,2017,7,20,7,27,3456,345.0,0,0
614000,2017,7,19,10,29,4234,423.0,0,0
614350,2017,7,21,8,29,4147,414.0,0,0
615578,2017,7,19,7,26,5486,548.0,0,0
618112,2017,7,17,10,27,5049,504.0,0,0
618409,2017,7,18,9,27,2052,205.0,0,0
618830,2017,7,19,11,30,3480,348.0,0,0
621190,2017,7,20,7,27,3591,359.0,0,0
621814,2017,7,17,9,26,3224,322.0,0,0
624929,2017,7,19,11,30,3930,393.0,0,0
628475,2017,7,21,10,31,2387,238.0,0,0
628578,2017,7,19,7,26,2990,299.0,0,0
629753,2017,7,19,8,27,6210,621.0,0,0
632399,2017,7,19,11,30,5610,561.0,0,0
636000,2017,7,17,10,27,5940,594.0,0,0
637396,2017,7,21,8,29,5945,594.0,0,0
639419,2017,7,21,5,26,4134,413.0,0,0
644938,2017,7,17,10,27,5562,556.0,0,0
648575,2017,7,20,6,26,5070,507.0,0,0
649104,2017,7,17,10,27,3915,391.0,0,0
650529,2017,7,21,5,26,4368,436.0,0,0
651281,2017,7,21,8,29,3654,365.0,0,0
661411,2017,7,16,11,27,5940,594.0,0,0
661487,2017,7,19,10,29,4292,429.0,0,0
661502,2017,7,21,11,32,2848,284.0,0,0
662209,2017,7,16,10,26,5616,561.0,0,0
674933,2017,7,21,9,30,5340,534.0,0,0
675848,2017,7,19,11,30,2850,285.0,0,0
677435,2017,7,17,10,27,3807,380.0,0,0
679623,2017,7,16,10,26,1664,166.0,0,0
682288,2017,7,16,11,27,4104,410.0,0,0
682528,2017,7,20,8,28,3752,375.0,0,0
683356,2017,7,16,10,26,3900,390.0,0,0
689353,2017,7,20,6,26,5668,566.0,0,0
690029,2017,7,19,9,28,3164,316.0,0,0
697766,2017,7,18,8,26,1794,179.0,0,0
697905,2017,7,16,10,26,5850,585.0,0,0
702542,2017,7,19,10,29,3654,365.0,0,0
704270,2017,7,21,7,28,4004,400.0,0,0
704967,2017,7,21,10,31,3317,331.0,0,0
708519,2017,7,21,7,28,3472,347.0,0,0
709566,2017,7,20,7,27,1701,170.0,0,0
712426,2017,7,20,10,30,5940,594.0,0,0
713094,2017,7,17,11,28,5096,509.0,0,0
714270,2017,7,18,8,26,2340,234.0,0,0
715689,2017,7,21,7,28,2072,207.0,0,0
718752,2017,7,17,10,27,2025,202.0,0,0
720514,2017,7,15,11,26,2834,283.0,0,0
725705,2017,7,20,6,26,4108,410.0,0,0
727348,2017,7,17,9,26,2210,221.0,0,0
728586,2017,7,15,11,26,5564,556.0,0,0
732808,2017,7,20,11,31,6293,629.0,0,0
733693,2017,7,16,11,27,3024,302.0,0,0
737906,2017,7,17,9,26,3692,369.0,0,0
738652,2017,7,21,10,31,4433,443.0,0,0
740025,2017,7,18,9,27,4212,421.0,0,0
740992,2017,7,20,8,28,2268,226.0,0,0
744567,2017,7,21,5,26,4836,483.0,0,0
745290,2017,7,20,9,29,3335,333.0,0,0
745729,2017,7,19,9,28,3836,383.0,0,0
746536,2017,7,20,8,28,4760,476.0,0,0
747315,2017,7,20,8,28,3052,305.0,0,0
751664,2017,7,16,11,27,5130,513.0,0,0
751779,2017,7,20,9,29,5394,539.0,0,0
753452,2017,7,18,11,29,3799,379.0,0,0
755073,2017,7,18,10,28,5348,534.0,0,0
757938,2017,7,20,11,31,3813,381.0,0,0
759991,2017,7,21,9,30,6120,612.0,0,0
760061,2017,7,21,8,29,4495,449.0,0,0
763591,2017,7,16,11,27,5076,507.0,0,0
771757,2017,7,18,11,29,1885,188.0,0,0
775170,2017,7,19,9,28,3780,378.0,0,0
775768,2017,7,21,5,26,4888,488.0,0,0
776613,2017,7,21,7,28,5936,593.0,0,0
776736,2017,7,20,6,26,5512,551.0,0,0
777540,2017,7,21,6,27,5049,504.0,0,0
779159,2017,7,20,10,30,5430,543.0,0,0
779247,2017,7,20,6,26,1690,169.0,0,0
781647,2017,7,18,11,29,3596,359.0,0,0
785738,2017,7,20,6,26,2626,262.0,0,0
785992,2017,7,17,9,26,5044,504.0,0,0
792915,2017,7,18,11,29,3741,374.0,0,0
793134,2017,7,21,5,26,3666,366.0,0,0
793384,2017,7,20,6,26,2392,239.0,0,0
794136,2017,7,18,10,28,4228,422.0,0,0
797714,2017,7,18,9,27,5238,523.0,0,0
798814,2017,7,21,6,27,3699,369.0,0,0
800094,2017,7,21,8,29,5133,513.0,0,0
806639,2017,7,17,9,26,1924,192.0,0,0
807256,2017,7,21,8,29,5974,597.0,0,0
808392,2017,7,19,11,30,3480,348.0,0,0
810482,2017,7,20,11,31,3565,356.0,0,0
812373,2017,7,20,11,31,6231,623.0,0,0
813725,2017,7,20,7,27,4806,480.0,0,0
819969,2017,7,19,11,30,5580,558.0,0,0
821010,2017,7,20,6,26,4966,496.0,0,0
822555,2017,7,17,9,26,2262,226.0,0,0
823112,2017,7,17,11,28,3416,341.0,0,0
824712,2017,7,19,11,30,5130,513.0,0,0
825484,2017,7,21,8,29,5249,524.0,0,0
832367,2017,7,18,8,26,2236,223.0,0,0
834733,2017,7,17,10,27,5643,564.0,0,0
835973,2017,7,15,11,26,4082,408.0,0,0
840741,2017,7,18,10,28,4200,420.0,0,0
842959,2017,7,18,10,28,3668,366.0,0,0
844582,2017,7,21,8,29,4930,493.0,0,0
846055,2017,7,16,10,26,6058,605.0,0,0
848632,2017,7,20,10,30,3570,357.0,0,0
849587,2017,7,20,9,29,2668,266.0,0,0
853826,2017,7,17,11,28,5964,596.0,0,0
854709,2017,7,19,11,30,5010,501.0,0,0
854998,2017,7,18,9,27,5859,585.0,0,0
855506,2017,7,20,10,30,6240,624.0,0,0
855922,2017,7,15,11,26,5512,551.0,0,0
859516,2017,7,17,10,27,3240,324.0,0,0
859972,2017,7,15,11,26,1768,176.0,0,0
863516,2017,7,21,5,26,2210,221.0,0,0
868230,2017,7,19,7,26,4550,455.0,0,0
871045,2017,7,20,6,26,4264,426.0,0,0
871980,2017,7,17,11,28,3136,313.0,0,0
875657,2017,7,17,9,26,5018,501.0,0,0
878575,2017,7,21,7,28,5208,520.0,0,0
878582,2017,7,18,8,26,3588,358.0,0,0
885274,2017,7,19,9,28,5096,509.0,0,0
885474,2017,7,19,9,28,4508,450.0,0,0
887748,2017,7,20,8,28,4284,428.0,0,0
889796,2017,7,20,9,29,4408,440.0,0,0
891727,2017,7,20,11,31,2046,204.0,0,0
894620,2017,7,17,9,26,4524,452.0,0,0
898000,2017,7,21,10,31,2294,229.0,0,0
901780,2017,7,20,6,26,2756,275.0,0,0
903379,2017,7,19,11,30,3630,363.0,0,0
908374,2017,7,19,10,29,5394,539.0,0,0
909075,2017,7,20,10,30,2280,228.0,0,0
909134,2017,7,18,8,26,5928,592.0,0,0
909260,2017,7,16,11,27,3186,318.0,0,0
913895,2017,7,20,9,29,3277,327.0,0,0
915156,2017,7,16,10,26,4082,408.0,0,0
917191,2017,7,16,11,27,4077,407.0,0,0
918807,2017,7,21,5,26,2678,267.0,0,0
924634,2017,7,21,6,27,4698,469.0,0,0
927937,2017,7,19,8,27,5994,599.0,0,0
932249,2017,7,17,10,27,2943,294.0,0,0
932270,2017,7,17,9,26,4966,496.0,0,0
933233,2017,7,20,11,31,2139,213.0,0,0
370443,2017,7,17,9,26,5564,556.0,0,0
370443,2018,7,20,6,26,4654,465.0,670,54
939431,2017,7,16,10,26,2756,275.0,0,0
939932,2017,7,17,9,26,1690,169.0,0,0
950193,2017,7,18,9,27,4239,423.0,0,0
951712,2017,7,21,9,30,3300,330.0,0,0
952003,2017,7,19,9,28,2044,204.0,0,0
956144,2017,7,19,10,29,5568,556.0,0,0
957881,2017,7,18,8,26,3770,377.0,0,0
958005,2017,7,17,11,28,5992,599.0,0,0
960913,2017,7,18,8,26,2288,228.0,0,0
961331,2017,7,16,10,26,5564,556.0,0,0
963016,2017,7,19,9,28,5852,585.0,0,0
966729,2017,7,15,11,26,4394,439.0,0,0
971107,2017,7,19,10,29,6032,603.0,0,0
972636,2017,7,18,9,27,6048,604.0,0,0
975199,2017,7,21,5,26,5694,569.0,0,0
975749,2017,7,21,10,31,3379,337.0,0,0
976513,2017,7,18,9,27,1809,180.0,0,0
977178,2017,7,19,11,30,2760,276.0,0,0
982535,2017,7,17,9,26,4992,499.0,0,0
995128,2017,7,21,7,28,4088,408.0,0,0
118076,2017,8,17,9,26,4316,431.0,0,0
119135,2017,8,18,8,26,4238,423.0,0,0
126490,2017,8,17,9,26,5096,509.0,0,0
140208,2017,8,17,9,26,2912,291.0,0,0
158901,2017,8,17,9,26,2132,213.0,0,0
173252,2017,8,17,9,26,3562,356.0,0,0
186246,2017,8,18,9,27,4698,469.0,0,0
193917,2017,8,17,9,26,3588,358.0,0,0
195594,2017,8,18,8,26,3120,312.0,0,0
298063,2017,7,21,8,29,5365,536.0,701,57
742669,2018,7,21,8,29,5365,536.0,701,57
210236,2017,8,18,8,26,3900,390.0,0,0
231592,2017,8,18,9,27,4617,461.0,0,0
237274,2017,8,17,9,26,4732,473.0,0,0
237492,2017,8,18,9,27,2619,261.0,0,0
382748,2018,6,17,10,27,5616,561.0,768,62
241641,2017,8,18,9,27,4104,410.0,0,0
244538,2017,8,18,9,27,2997,299.0,0,0
377302,2017,7,18,9,27,3267,326.0,0,0
510353,2018,7,18,11,29,5858,585.0,790,64
251874,2017,8,18,9,27,5130,513.0,0,0
261077,2017,8,18,9,27,5211,521.0,0,0
266516,2017,8,18,9,27,2808,280.0,0,0
279419,2017,8,17,9,26,2028,202.0,0,0
302957,2017,8,17,9,26,1872,187.0,0,0
378920,2018,7,20,7,27,4887,488.0,0,0
314589,2017,8,18,8,26,3094,309.0,0,0
315361,2017,8,18,8,26,3848,384.0,0,0
318264,2017,8,18,8,26,4342,434.0,0,0
326823,2017,8,18,9,27,2133,213.0,0,0
328116,2017,8,17,9,26,4160,416.0,0,0
334437,2017,8,18,9,27,4347,434.0,0,0
353096,2017,8,18,9,27,3942,394.0,0,0
155654,2017,7,19,10,29,4089,408.0,481,39
617516,2018,7,19,10,29,4089,408.0,481,39
374679,2017,8,18,9,27,2079,207.0,0,0
380001,2017,8,18,9,27,3213,321.0,0,0
405442,2017,8,18,9,27,2997,299.0,0,0
406411,2017,8,17,9,26,3302,330.0,0,0
412803,2017,8,18,9,27,1728,172.0,0,0
432716,2017,8,18,9,27,2133,213.0,0,0
451226,2017,8,18,8,26,4680,468.0,0,0
453133,2017,8,18,9,27,2133,213.0,0,0
455068,2017,8,18,9,27,3915,391.0,0,0
450865,2018,7,16,11,27,4563,456.0,591,48
666301,2017,7,15,11,26,5460,546.0,761,61
911525,2018,7,15,11,26,5460,546.0,761,61
486955,2017,8,18,8,26,5564,556.0,0,0
505390,2017,8,18,8,26,5330,533.0,0,0
506746,2017,8,18,8,26,2912,291.0,0,0
512071,2017,8,18,9,27,2322,232.0,0,0
541000,2017,8,18,9,27,2133,213.0,0,0
553558,2017,8,18,9,27,3348,334.0,0,0
561321,2017,8,18,9,27,1836,183.0,0,0
562404,2017,8,18,8,26,4550,455.0,0,0
411897,2017,6,17,9,26,5174,517.0,715,58
514652,2018,6,17,9,26,5174,517.0,715,58
333825,2018,7,18,10,28,5404,540.0,735,59
582066,2017,8,18,9,27,5157,515.0,0,0
582929,2017,8,18,8,26,2262,226.0,0,0
593116,2017,8,17,9,26,5226,522.0,0,0
601131,2017,8,18,9,27,2538,253.0,0,0
601775,2017,8,18,8,26,4914,491.0,0,0
603531,2017,8,18,8,26,5226,522.0,0,0
607117,2017,8,18,9,27,4698,469.0,0,0
609174,2017,8,18,8,26,3380,338.0,0,0
612060,2017,8,18,8,26,4992,499.0,0,0
616500,2017,8,18,9,27,4617,461.0,0,0
652047,2017,8,18,8,26,2704,270.0,0,0
652862,2017,8,17,9,26,4420,442.0,0,0
653081,2017,8,18,9,27,2133,213.0,0,0
663150,2017,8,18,9,27,2673,267.0,0,0
667262,2017,8,18,9,27,3186,318.0,0,0
922347,2018,7,17,9,26,4368,436.0,572,46
671639,2017,8,18,9,27,4158,415.0,0,0
472373,2018,7,16,10,26,5148,514.0,714,58
674462,2017,8,18,9,27,3186,318.0,0,0
675956,2017,8,18,9,27,3888,388.0,0,0
688410,2017,8,18,9,27,2322,232.0,0,0
690554,2017,8,18,9,27,5157,515.0,0,0
711214,2017,8,18,8,26,3146,314.0,0,0
636413,2018,7,20,8,28,4396,439.0,556,45
725835,2017,8,18,9,27,3051,305.0,0,0
729084,2017,8,18,9,27,3051,305.0,0,0
112856,2017,7,18,8,26,5252,525.0,740,60
319052,2018,7,18,8,26,5252,525.0,740,60
779247,2017,8,17,9,26,2886,288.0,0,0
787606,2017,8,18,9,27,4293,429.0,0,0
796541,2017,8,18,9,27,2349,234.0,0,0
797398,2017,8,17,9,26,4342,434.0,0,0
810071,2017,8,18,8,26,4576,457.0,0,0
816608,2017,8,18,9,27,3969,396.0,0,0
845176,2017,8,17,9,26,2080,208.0,0,0
851901,2017,8,17,9,26,1664,166.0,0,0
852394,2017,8,17,9,26,2834,283.0,0,0
855559,2017,8,17,9,26,2418,241.0,0,0
858445,2017,8,17,9,26,4992,499.0,0,0
869226,2017,8,18,9,27,5022,502.0,0,0
873886,2017,8,17,9,26,3328,332.0,0,0
885357,2017,8,18,8,26,1690,169.0,0,0
901775,2017,8,18,8,26,1638,163.0,0,0
906346,2017,8,18,9,27,4320,432.0,0,0
911971,2017,8,18,9,27,3321,332.0,0,0
913522,2017,8,18,9,27,3699,369.0,0,0
932623,2017,8,17,9,26,3120,312.0,0,0
937946,2017,8,18,9,27,4509,450.0,0,0
947158,2017,8,17,9,26,2834,283.0,0,0
245800,2017,8,18,8,26,4758,475.0,653,53
345682,2017,6,19,8,27,5076,507.0,699,56
979135,2017,8,17,9,26,2730,273.0,0,0
979776,2017,8,17,9,26,3172,317.0,0,0
982446,2017,8,17,9,26,5356,535.0,0,0
986208,2017,8,18,9,27,3780,378.0,0,0
994377,2017,8,18,9,27,4185,418.0,0,0
998465,2017,8,18,9,27,4833,483.0,0,0
827172,2018,7,16,10,26,5720,572.0,833,67
318654,2017,6,20,6,26,4264,426.0,571,46
228273,2018,6,20,6,26,4264,426.0,571,46
463833,2017,7,21,7,28,4480,448.0,587,47
251211,2018,7,16,10,26,5044,504.0,720,58
436087,2018,7,16,11,27,5697,569.0,0,0
515860,2017,6,18,8,26,3562,356.0,446,36
183025,2018,6,18,8,26,3562,356.0,446,36
844641,2017,8,18,8,26,4628,462.0,654,53
923959,2018,7,21,9,30,5220,522.0,720,58
928922,2017,6,20,8,28,4984,498.0,701,57
927721,2018,6,20,8,28,4984,498.0,701,57
939103,2017,7,20,9,29,4292,429.0,552,45
786624,2018,6,17,9,26,5616,561.0,849,68
452985,2017,7,18,9,27,4752,475.0,0,0
317100,2017,6,20,8,28,5208,520.0,756,61
815498,2017,8,18,8,26,4836,483.0,706,57
106776,2018,8,18,8,26,4836,483.0,706,57
772532,2018,7,21,9,30,5460,546.0,777,63
453135,2017,6,18,9,27,2106,210.0,0,0
870039,2018,7,16,11,27,3834,383.0,494,40
519677,2017,7,17,10,27,5427,542.0,814,66
445746,2018,7,17,10,27,5427,542.0,814,66
460037,2018,6,17,10,27,1782,178.0,0,0
462337,2017,7,18,8,26,3016,301.0,0,0
689000,2018,7,21,6,27,5076,507.0,765,62
204220,2017,6,19,7,26,4706,470.0,699,56
355795,2018,6,19,7,26,4706,470.0,699,56
144633,2018,7,20,8,28,4928,492.0,719,58
608508,2017,6,17,10,27,3726,372.0,486,39
967035,2018,6,17,10,27,3726,372.0,486,39
181082,2017,7,18,11,29,3886,388.0,500,40
462663,2017,7,17,10,27,3753,375.0,496,40
413741,2018,7,20,7,27,4023,402.0,555,45
550856,2017,7,21,8,29,3886,388.0,507,41
483631,2017,7,19,11,30,5400,540.0,0,0
956946,2018,7,17,11,28,4732,473.0,713,58
430048,2017,6,16,10,26,4498,449.0,694,56
692856,2017,7,16,10,26,4264,426.0,643,52
981581,2018,7,16,10,26,4264,426.0,643,52
614634,2017,6,20,6,26,4576,457.0,710,57
412394,2018,6,20,6,26,4576,457.0,710,57
295355,2017,7,21,7,28,4788,478.0,730,59
193147,2017,6,16,10,26,4212,421.0,636,51
641039,2018,7,20,7,27,5211,521.0,840,68
605320,2017,6,17,9,26,3614,361.0,510,41
908123,2018,6,17,9,26,3614,361.0,510,41
563410,2017,7,18,10,28,3808,380.0,524,42
496820,2017,7,17,11,28,4620,462.0,0,0
916594,2017,6,20,6,26,3900,390.0,576,47
453034,2018,7,21,7,28,4088,408.0,592,48
113694,2017,7,18,11,29,5162,516.0,814,66
675516,2017,7,21,5,26,5018,501.0,827,67
491404,2018,7,21,5,26,5018,501.0,827,67
942779,2018,8,18,8,26,4628,462.0,741,60
231273,2017,6,19,8,27,4914,491.0,794,64
163608,2018,6,19,8,27,4914,491.0,794,64
503638,2018,6,18,10,28,2352,235.0,0,0
506293,2017,6,18,9,27,5697,569.0,0,0
101018,2017,12,17,9,26,3978,397.0,0,0
249466,2017,7,16,10,26,3536,353.0,503,41
509149,2017,7,18,9,27,2160,216.0,0,0
319433,2017,12,17,9,26,2990,299.0,0,0
327015,2017,12,17,9,26,2236,223.0,0,0
369392,2017,12,17,9,26,5018,501.0,0,0
383421,2017,12,17,9,26,3224,322.0,0,0
424983,2017,12,17,9,26,1950,195.0,0,0
452976,2017,12,17,9,26,4888,488.0,0,0
474305,2017,12,17,9,26,4316,431.0,0,0
523194,2018,7,21,6,27,5481,548.0,0,0
498932,2017,12,17,9,26,3900,390.0,0,0
547649,2017,12,17,9,26,4784,478.0,0,0
557723,2017,12,17,9,26,5304,530.0,0,0
560149,2017,12,17,9,26,4576,457.0,0,0
561874,2017,12,17,9,26,2860,286.0,0,0
604470,2017,12,17,9,26,3042,304.0,0,0
614441,2017,12,17,9,26,3874,387.0,0,0
622822,2017,12,17,9,26,2678,267.0,0,0
530105,2018,6,20,6,26,3900,390.0,576,47
613076,2017,6,20,10,30,4680,468.0,727,59
877609,2018,6,20,10,30,4680,468.0,727,59
365761,2017,12,17,9,26,4082,408.0,645,52
938323,2018,12,17,9,26,4082,408.0,645,52
666933,2017,12,17,9,26,5200,520.0,0,0
708807,2018,7,21,11,32,4896,489.0,748,60
669373,2017,12,17,9,26,4784,478.0,0,0
715817,2017,12,17,9,26,3146,314.0,0,0
745354,2017,12,17,9,26,2210,221.0,0,0
866168,2017,7,18,8,26,4420,442.0,725,58
788159,2017,12,17,9,26,4082,408.0,0,0
517405,2017,7,17,10,27,4590,459.0,754,61
789859,2017,7,19,7,26,4628,462.0,784,63
257417,2017,6,18,10,28,4396,439.0,700,56
447092,2018,7,19,11,30,4590,459.0,719,58
539125,2018,8,18,8,26,2418,241.0,0,0
969092,2017,12,17,9,26,4186,418.0,0,0
607347,2017,8,18,8,26,3848,384.0,608,49
958923,2017,6,19,8,27,4104,410.0,651,53
541358,2018,6,19,8,27,4104,410.0,651,53
993054,2017,12,17,9,26,2990,299.0,0,0
549200,2017,6,20,8,28,3584,358.0,578,47
549598,2017,12,17,9,26,4940,494.0,0,0
121410,2017,7,17,9,26,4394,439.0,757,61
436874,2018,6,20,8,28,4816,481.0,833,67
384269,2018,7,21,9,30,5010,501.0,857,69
890702,2018,7,20,6,26,3848,384.0,629,51
277788,2017,7,17,9,26,3796,379.0,614,50
917779,2018,8,17,9,26,4316,431.0,753,61
951719,2018,7,19,10,29,4785,478.0,830,67
188120,2017,7,17,10,27,3456,345.0,531,43
246935,2017,6,18,8,26,3458,345.0,547,44
975767,2018,6,18,8,26,3458,345.0,547,44
582427,2017,7,20,7,27,4995,499.0,0,0
359091,2018,7,16,11,27,4077,407.0,699,56
606875,2017,12,17,9,26,3406,340.0,540,44
156948,2018,12,17,9,26,3406,340.0,540,44
395887,2018,6,19,10,29,3857,385.0,608,49
967904,2017,8,18,9,27,3591,359.0,569,46
583565,2017,7,20,11,31,4030,403.0,625,50
419540,2018,7,20,11,31,4030,403.0,625,50
519087,2018,6,19,7,26,3978,397.0,691,56
588292,2017,7,18,10,28,3220,322.0,0,0
834286,2017,7,18,9,27,3294,329.0,499,40
869226,2018,7,18,9,27,3294,329.0,499,40
590727,2017,7,19,9,28,5460,546.0,0,0
577398,2017,6,18,10,28,4368,436.0,768,62
856942,2018,6,18,10,28,4368,436.0,768,62
675651,2018,8,17,9,26,4056,405.0,717,58
378014,2018,7,19,11,30,4080,408.0,665,54
593327,2017,6,19,9,28,5208,520.0,0,0
275049,2017,7,17,9,26,4576,457.0,870,70
413853,2018,7,17,9,26,4576,457.0,870,70
907015,2018,8,18,8,26,3666,366.0,631,51
487070,2017,6,20,8,28,3948,394.0,675,54
447925,2018,6,20,8,28,3948,394.0,675,54
605341,2017,7,21,9,30,4140,414.0,694,56
931537,2018,7,20,6,26,3952,395.0,706,57
686555,2017,6,17,9,26,4134,413.0,757,61
479872,2018,6,17,9,26,4134,413.0,757,61
926106,2018,7,21,9,30,3750,375.0,594,48
304944,2017,8,18,8,26,3328,332.0,540,44
512284,2018,8,18,8,26,3328,332.0,540,44
345931,2017,7,21,9,30,3330,333.0,474,38
811162,2018,7,21,9,30,3330,333.0,474,38
456259,2018,7,20,6,26,3588,358.0,617,50
803956,2018,8,17,9,26,2834,283.0,410,33
147272,2017,6,17,9,26,3250,325.0,530,43
246059,2018,7,18,10,28,3444,344.0,544,44
868568,2018,7,18,11,29,4002,400.0,693,56
987425,2017,6,20,7,27,3942,394.0,728,59
272848,2018,6,20,7,27,3942,394.0,728,59
622036,2018,6,19,9,28,2240,224.0,0,0
730214,2017,7,16,11,27,3780,378.0,681,55
715817,2018,7,16,11,27,3780,378.0,681,55
792514,2017,7,18,9,27,3996,399.0,745,60
763113,2018,7,18,11,29,3828,382.0,669,54
633734,2017,8,17,9,26,2184,218.0,0,0
663133,2018,7,18,9,27,3672,367.0,671,54
644893,2017,6,18,10,28,3360,336.0,0,0
905213,2017,7,18,9,27,3915,391.0,750,60
535587,2018,7,18,9,27,3915,391.0,750,60
465530,2018,6,18,9,27,3078,307.0,501,41
113831,2017,8,17,9,26,2938,293.0,470,38
564650,2018,7,19,10,29,3248,324.0,515,42
761240,2017,7,21,9,30,4230,423.0,797,64
397480,2017,7,17,10,27,3861,386.0,742,60
598016,2018,7,17,10,27,3861,386.0,742,60
280588,2017,7,21,9,30,4080,408.0,752,61
214095,2018,7,21,9,30,4080,408.0,752,61
549858,2018,7,15,11,26,3822,382.0,761,61
381459,2017,7,16,11,27,4077,407.0,829,67
667314,2017,7,18,8,26,3146,314.0,0,0
848159,2017,7,21,8,29,3828,382.0,733,59
264733,2018,7,21,8,29,3828,382.0,733,59
203550,2018,7,15,11,26,3458,345.0,666,54
667517,2018,7,19,9,28,6104,610.0,0,0
837705,2017,7,20,6,26,3536,353.0,703,57
159500,2018,7,19,7,26,3614,361.0,743,60
680945,2018,7,17,11,28,2520,252.0,0,0
745738,2018,6,16,10,26,3614,361.0,742,60
799967,2018,7,17,11,28,3780,378.0,763,62
683910,2018,7,20,8,28,3052,305.0,0,0
614830,2018,8,17,9,26,3042,304.0,562,45
567420,2017,7,19,10,29,3364,336.0,618,50
821117,2018,6,18,9,27,3213,321.0,601,49
652816,2017,7,21,8,29,3393,339.0,629,51
938093,2017,7,19,9,28,2996,299.0,515,42
597189,2018,7,19,9,28,2996,299.0,515,42
129533,2017,6,18,9,27,3753,375.0,815,66
301760,2018,7,19,10,29,3944,394.0,839,68
226191,2017,7,20,10,30,3900,390.0,837,67
717100,2017,8,18,8,26,5304,530.0,490,40
718922,2018,7,17,10,27,5859,585.0,789,64
721456,2018,7,20,6,26,3744,374.0,0,0
812899,2017,7,19,7,26,3068,306.0,631,51
851390,2018,6,19,8,27,2781,278.0,495,40
671119,2017,7,20,9,29,2929,292.0,509,41
494206,2017,7,19,8,27,3024,302.0,596,48
100753,2018,6,19,9,28,4256,425.0,0,0
102299,2018,6,19,8,27,3294,329.0,0,0
102376,2018,6,19,7,26,3900,390.0,0,0
111034,2018,6,16,10,26,2366,236.0,0,0
114903,2018,6,16,10,26,4992,499.0,0,0
119731,2018,6,16,10,26,3458,345.0,0,0
120192,2018,6,16,10,26,5096,509.0,0,0
121605,2018,6,20,6,26,2756,275.0,0,0
122946,2018,6,18,9,27,4131,413.0,0,0
127039,2018,6,19,7,26,4498,449.0,0,0
127311,2018,6,17,10,27,5886,588.0,0,0
127400,2018,6,19,10,29,2900,290.0,0,0
130593,2018,6,20,7,27,3483,348.0,0,0
131772,2018,6,16,10,26,3718,371.0,0,0
140077,2018,6,20,9,29,6032,603.0,0,0
140381,2018,6,19,8,27,2484,248.0,0,0
146086,2018,6,17,10,27,5535,553.0,0,0
154981,2018,6,17,9,26,5226,522.0,0,0
165596,2018,6,18,8,26,4680,468.0,0,0
166693,2018,6,17,9,26,2678,267.0,0,0
168349,2018,6,16,10,26,5720,572.0,0,0
169697,2018,6,19,7,26,5642,564.0,0,0
171192,2018,6,18,10,28,2016,201.0,0,0
780428,2017,8,18,9,27,3456,345.0,790,64
173235,2018,6,17,10,27,5265,526.0,0,0
731540,2018,6,20,9,29,3741,374.0,847,68
589466,2018,7,21,10,31,3906,390.0,871,70
186754,2018,6,20,6,26,1950,195.0,0,0
188318,2018,6,18,8,26,2262,226.0,0,0
194737,2018,6,18,10,28,3360,336.0,0,0
195368,2018,6,16,10,26,1872,187.0,0,0
196467,2018,6,20,6,26,5694,569.0,0,0
199374,2018,6,17,10,27,3402,340.0,0,0
200960,2018,6,20,8,28,4900,490.0,0,0
205697,2018,6,19,8,27,4617,461.0,0,0
211524,2018,6,20,9,29,1972,197.0,0,0
218277,2018,6,18,9,27,2997,299.0,0,0
220538,2018,6,18,9,27,3348,334.0,0,0
226710,2018,6,20,8,28,5740,574.0,0,0
234562,2018,6,18,8,26,5720,572.0,0,0
235683,2018,6,19,9,28,4480,448.0,0,0
235716,2018,6,18,8,26,2626,262.0,0,0
239955,2018,6,19,9,28,4900,490.0,0,0
241714,2018,6,20,9,29,4060,406.0,0,0
245419,2018,6,19,9,28,2240,224.0,0,0
249224,2018,6,18,10,28,3052,305.0,0,0
251223,2018,6,20,10,30,2340,234.0,0,0
253528,2018,6,17,10,27,2970,297.0,0,0
254371,2018,6,19,7,26,3744,374.0,0,0
256003,2018,6,19,10,29,5046,504.0,0,0
256188,2018,6,16,10,26,2496,249.0,0,0
258088,2018,6,18,10,28,1820,182.0,0,0
263237,2018,6,20,9,29,3422,342.0,0,0
263812,2018,6,20,10,30,5400,540.0,0,0
274264,2018,6,19,7,26,3484,348.0,0,0
275118,2018,6,18,10,28,3836,383.0,0,0
275244,2018,6,18,10,28,4788,478.0,0,0
278676,2018,6,20,6,26,4628,462.0,0,0
279419,2018,6,20,9,29,5365,536.0,0,0
280574,2018,6,19,9,28,5460,546.0,0,0
280864,2018,6,20,8,28,5124,512.0,0,0
290445,2018,6,18,10,28,3304,330.0,0,0
294642,2018,6,19,8,27,4536,453.0,0,0
295387,2018,6,19,7,26,2938,293.0,0,0
295884,2018,6,19,10,29,4640,464.0,0,0
299210,2018,6,19,9,28,2240,224.0,0,0
299585,2018,6,16,10,26,3120,312.0,0,0
301563,2018,6,18,8,26,4030,403.0,0,0
304600,2018,6,20,10,30,2370,237.0,0,0
308171,2018,6,18,8,26,3874,387.0,0,0
311907,2018,6,18,10,28,2940,294.0,0,0
381651,2017,6,17,9,26,2626,262.0,489,40
319059,2018,6,17,10,27,3429,342.0,0,0
320784,2018,6,16,10,26,2184,218.0,0,0
323660,2018,6,19,7,26,5070,507.0,0,0
331857,2018,6,17,10,27,3294,329.0,0,0
337453,2018,6,20,9,29,4002,400.0,0,0
339927,2018,6,20,7,27,4320,432.0,0,0
345908,2018,6,20,6,26,4368,436.0,0,0
347466,2018,6,19,8,27,3645,364.0,0,0
349730,2018,6,19,7,26,4836,483.0,0,0
350001,2018,6,17,9,26,2600,260.0,0,0
357173,2018,6,19,9,28,5208,520.0,0,0
357574,2018,6,19,10,29,5742,574.0,0,0
359575,2018,6,18,10,28,2604,260.0,0,0
366599,2018,6,16,10,26,5746,574.0,0,0
371580,2018,6,17,9,26,3250,325.0,0,0
372261,2018,6,20,7,27,3888,388.0,0,0
379446,2018,6,20,7,27,2835,283.0,0,0
384010,2018,6,16,10,26,2730,273.0,0,0
388140,2018,6,16,10,26,2210,221.0,0,0
395871,2018,6,16,10,26,1664,166.0,0,0
400313,2018,6,18,8,26,4316,431.0,0,0
401454,2018,6,17,10,27,5562,556.0,0,0
406810,2018,6,17,9,26,3250,325.0,0,0
408990,2018,6,20,6,26,4940,494.0,0,0
413101,2018,6,20,7,27,1701,170.0,0,0
428826,2018,6,16,10,26,2470,247.0,0,0
430569,2018,6,17,9,26,4914,491.0,0,0
434489,2018,6,19,7,26,4524,452.0,0,0
441128,2018,6,18,10,28,4480,448.0,0,0
442249,2018,6,18,8,26,2522,252.0,0,0
443232,2018,6,19,10,29,4031,403.0,0,0
451446,2018,6,17,9,26,3692,369.0,0,0
455068,2018,6,18,8,26,3588,358.0,0,0
458199,2018,6,16,10,26,2990,299.0,0,0
459164,2018,6,17,9,26,1716,171.0,0,0
459683,2018,6,19,8,27,3591,359.0,0,0
459801,2018,6,19,10,29,5916,591.0,0,0
462595,2018,6,20,7,27,5616,561.0,0,0
462833,2018,6,18,8,26,5850,585.0,0,0
465241,2018,6,16,10,26,4810,481.0,0,0
468310,2018,6,18,8,26,5694,569.0,0,0
469404,2018,6,19,8,27,3132,313.0,0,0
475123,2018,6,18,10,28,3556,355.0,0,0
476497,2018,6,20,10,30,5130,513.0,0,0
485745,2018,6,16,10,26,5044,504.0,0,0
488799,2018,6,17,9,26,5096,509.0,0,0
498793,2018,6,17,9,26,5668,566.0,0,0
500026,2018,6,17,10,27,3861,386.0,0,0
511588,2018,6,20,7,27,3294,329.0,0,0
516133,2018,6,20,7,27,2646,264.0,0,0
516594,2018,6,18,10,28,3416,341.0,0,0
518561,2018,6,20,10,30,2280,228.0,0,0
521431,2018,6,16,10,26,3640,364.0,0,0
748286,2017,7,17,10,27,1836,183.0,841,68
525508,2018,6,20,8,28,5628,562.0,0,0
530978,2018,6,18,9,27,2430,243.0,0,0
531293,2018,6,18,10,28,5376,537.0,0,0
537852,2018,6,16,10,26,2470,247.0,0,0
540011,2018,6,18,9,27,5319,531.0,0,0
540628,2018,6,19,9,28,4452,445.0,0,0
541178,2018,6,17,10,27,2133,213.0,0,0
545179,2018,6,16,10,26,3848,384.0,0,0
548682,2018,6,16,10,26,4576,457.0,0,0
554442,2018,6,19,7,26,5200,520.0,0,0
559723,2018,6,20,7,27,3105,310.0,0,0
561520,2018,6,20,7,27,2970,297.0,0,0
562084,2018,6,18,8,26,1898,189.0,0,0
567210,2018,6,18,9,27,5319,531.0,0,0
573475,2018,6,18,8,26,3744,374.0,0,0
576587,2018,6,18,10,28,4648,464.0,0,0
597023,2018,6,20,9,29,4263,426.0,0,0
599491,2018,6,17,9,26,5356,535.0,0,0
604510,2018,6,20,7,27,3726,372.0,0,0
607489,2018,6,17,9,26,5746,574.0,0,0
611086,2018,6,20,10,30,3630,363.0,0,0
614246,2018,6,18,10,28,2856,285.0,0,0
620122,2018,6,20,7,27,3834,383.0,0,0
625784,2018,6,19,10,29,4408,440.0,0,0
626211,2018,6,20,8,28,2912,291.0,0,0
637641,2018,6,19,7,26,4264,426.0,0,0
637986,2018,6,17,10,27,3618,361.0,0,0
645895,2018,6,19,9,28,4256,425.0,0,0
648455,2018,6,20,7,27,2106,210.0,0,0
648575,2018,6,20,7,27,2781,278.0,0,0
655325,2018,6,17,10,27,5049,504.0,0,0
667692,2018,6,18,9,27,3510,351.0,0,0
668599,2018,6,20,9,29,4205,420.0,0,0
670817,2018,6,19,8,27,4077,407.0,0,0
678454,2018,6,19,8,27,4968,496.0,0,0
681649,2018,6,16,10,26,3198,319.0,0,0
682826,2018,6,20,9,29,3306,330.0,0,0
687401,2018,6,16,10,26,2444,244.0,0,0
691077,2018,6,18,8,26,5434,543.0,0,0
696502,2018,6,20,9,29,2668,266.0,0,0
697029,2018,6,19,7,26,1846,184.0,0,0
697162,2018,6,18,8,26,3042,304.0,0,0
705262,2018,6,18,10,28,2016,201.0,0,0
705806,2018,6,19,10,29,3016,301.0,0,0
716548,2018,6,18,9,27,5427,542.0,0,0
717308,2018,6,18,8,26,4290,429.0,0,0
718745,2018,6,19,9,28,5712,571.0,0,0
739808,2018,6,18,9,27,5940,594.0,0,0
742732,2018,6,20,9,29,1856,185.0,0,0
745901,2018,6,17,9,26,2106,210.0,0,0
747604,2018,6,17,10,27,2133,213.0,0,0
765338,2018,6,16,10,26,2756,275.0,0,0
767416,2018,6,17,9,26,3770,377.0,0,0
769030,2018,6,20,10,30,3360,336.0,0,0
769560,2018,6,17,9,26,3510,351.0,0,0
774103,2018,6,20,8,28,3388,338.0,0,0
774321,2018,6,19,8,27,5913,591.0,0,0
775724,2018,6,16,10,26,1872,187.0,0,0
776187,2018,6,20,6,26,3094,309.0,0,0
780140,2018,6,18,9,27,4698,469.0,0,0
782282,2018,6,18,9,27,1755,175.0,0,0
786525,2018,6,17,10,27,3375,337.0,0,0
792695,2018,6,19,10,29,3219,321.0,0,0
793761,2018,6,17,10,27,5481,548.0,0,0
797685,2018,6,19,7,26,2730,273.0,0,0
801738,2018,6,18,10,28,5460,546.0,0,0
807289,2018,6,17,9,26,4368,436.0,0,0
809016,2018,6,20,8,28,3276,327.0,0,0
821216,2018,6,18,8,26,3380,338.0,0,0
822995,2018,6,20,6,26,5070,507.0,0,0
826136,2018,6,19,8,27,4509,450.0,0,0
829505,2018,6,20,6,26,3770,377.0,0,0
830975,2018,6,19,8,27,5319,531.0,0,0
835764,2018,6,18,8,26,3640,364.0,0,0
842770,2018,6,18,9,27,3051,305.0,0,0
843158,2018,6,20,6,26,2886,288.0,0,0
845319,2018,6,18,8,26,5720,572.0,0,0
846374,2018,6,20,10,30,5940,594.0,0,0
854831,2018,6,18,9,27,2106,210.0,0,0
855530,2018,6,19,8,27,1701,170.0,0,0
860809,2018,6,17,10,27,4374,437.0,0,0
864324,2018,6,20,6,26,4238,423.0,0,0
871219,2018,6,17,9,26,2314,231.0,0,0
877630,2018,6,17,9,26,3354,335.0,0,0
113877,2018,7,20,6,26,3172,317.0,787,63
883376,2018,6,19,7,26,4550,455.0,0,0
893427,2018,6,19,8,27,3402,340.0,0,0
902608,2018,6,17,9,26,3068,306.0,0,0
902852,2018,6,19,8,27,2052,205.0,0,0
903209,2018,6,20,9,29,3219,321.0,0,0
906267,2018,6,20,9,29,2871,287.0,0,0
913895,2018,6,18,8,26,4862,486.0,0,0
919338,2018,6,20,8,28,2604,260.0,0,0
920321,2018,6,19,10,29,3393,339.0,0,0
925385,2018,6,20,8,28,3332,333.0,0,0
928294,2018,6,17,9,26,5070,507.0,0,0
928354,2018,6,18,10,28,3976,397.0,0,0
935235,2018,6,16,10,26,5148,514.0,0,0
936273,2018,6,18,10,28,5208,520.0,0,0
938873,2018,6,20,6,26,4498,449.0,0,0
939319,2018,6,19,10,29,3016,301.0,0,0
944750,2018,6,17,10,27,5643,564.0,0,0
947711,2018,6,20,9,29,3741,374.0,0,0
949175,2018,6,19,10,29,5191,519.0,0,0
951712,2018,6,17,9,26,3484,348.0,0,0
954453,2018,6,20,6,26,5460,546.0,0,0
958005,2018,6,20,9,29,4959,495.0,0,0
966389,2018,6,16,10,26,1768,176.0,0,0
975477,2018,6,16,10,26,2808,280.0,0,0
981201,2018,6,20,10,30,4740,474.0,0,0
983416,2018,6,19,7,26,3042,304.0,0,0
986551,2018,6,20,7,27,3753,375.0,0,0
100550,2018,7,16,10,26,5252,525.0,0,0
101581,2018,7,20,7,27,2754,275.0,0,0
101902,2018,7,18,8,26,3328,332.0,0,0
102184,2018,7,21,7,28,3640,364.0,0,0
102730,2018,7,20,8,28,3024,302.0,0,0
102877,2018,7,15,11,26,1742,174.0,0,0
102982,2018,7,16,11,27,3456,345.0,0,0
771353,2017,7,18,10,28,3584,358.0,0,0
105335,2018,7,15,11,26,5928,592.0,0,0
107203,2018,7,16,10,26,3250,325.0,0,0
109903,2018,7,19,9,28,4676,467.0,0,0
112393,2018,7,21,8,29,5858,585.0,0,0
112733,2018,7,19,9,28,5096,509.0,0,0
115805,2018,7,16,11,27,3969,396.0,0,0
116016,2018,7,19,11,30,5070,507.0,0,0
118864,2018,7,20,10,30,4500,450.0,0,0
122020,2018,7,16,10,26,3666,366.0,0,0
123094,2018,7,21,8,29,2030,203.0,0,0
127410,2018,7,19,11,30,5880,588.0,0,0
128039,2018,7,20,9,29,4843,484.0,0,0
130326,2018,7,18,11,29,3016,301.0,0,0
130331,2018,7,19,10,29,3132,313.0,0,0
131558,2018,7,21,8,29,4930,493.0,0,0
133324,2018,7,19,8,27,2808,280.0,0,0
133518,2018,7,16,11,27,1755,175.0,0,0
134241,2018,7,19,9,28,3640,364.0,0,0
135279,2018,7,19,11,30,4020,402.0,0,0
137161,2018,7,18,11,29,3799,379.0,0,0
139932,2018,7,18,10,28,4536,453.0,0,0
149462,2018,7,20,7,27,2214,221.0,0,0
150883,2018,7,17,11,28,4620,462.0,0,0
152778,2018,7,21,9,30,4410,441.0,0,0
153146,2018,7,15,11,26,3536,353.0,0,0
157816,2018,7,17,9,26,3614,361.0,0,0
159531,2018,7,21,5,26,2938,293.0,0,0
161769,2018,7,20,6,26,3900,390.0,0,0
163757,2018,7,15,11,26,2210,221.0,0,0
169603,2018,7,21,10,31,3596,359.0,0,0
171137,2018,7,19,10,29,3277,327.0,0,0
172200,2018,7,18,11,29,6090,609.0,0,0
172233,2018,7,18,11,29,4060,406.0,0,0
174702,2018,7,16,10,26,5460,546.0,0,0
176611,2018,7,21,5,26,6006,600.0,0,0
181377,2018,7,21,10,31,3968,396.0,0,0
181423,2018,7,20,8,28,5012,501.0,0,0
184151,2018,7,21,11,32,3776,377.0,0,0
186810,2018,7,19,7,26,3042,304.0,0,0
187010,2018,7,20,9,29,6148,614.0,0,0
189611,2018,7,18,8,26,3276,327.0,0,0
189817,2018,7,19,9,28,2156,215.0,0,0
190227,2018,7,17,11,28,2520,252.0,0,0
192098,2018,7,19,10,29,2900,290.0,0,0
193662,2018,7,19,8,27,4914,491.0,0,0
193824,2018,7,20,10,30,5010,501.0,0,0
193953,2018,7,16,10,26,2184,218.0,0,0
196892,2018,7,20,9,29,5394,539.0,0,0
197086,2018,7,15,11,26,4186,418.0,0,0
197642,2018,7,16,11,27,4239,423.0,0,0
198010,2018,7,18,11,29,1885,188.0,0,0
198713,2018,7,18,11,29,2378,237.0,0,0
201339,2018,7,21,6,27,2430,243.0,0,0
203084,2018,7,21,9,30,3300,330.0,0,0
203293,2018,7,21,8,29,1827,182.0,0,0
204000,2018,7,21,11,32,2720,272.0,0,0
206108,2018,7,21,6,27,2268,226.0,0,0
206871,2018,7,19,11,30,4770,477.0,0,0
207500,2018,7,21,10,31,2108,210.0,0,0
212707,2018,7,17,9,26,5044,504.0,0,0
213303,2018,7,21,8,29,4379,437.0,0,0
216683,2018,7,17,11,28,2576,257.0,0,0
220358,2018,7,17,11,28,4788,478.0,0,0
223534,2018,7,19,7,26,4706,470.0,0,0
224000,2018,7,18,11,29,4263,426.0,0,0
225262,2018,7,17,9,26,5252,525.0,0,0
227796,2018,7,20,9,29,2523,252.0,0,0
229210,2018,7,19,7,26,4966,496.0,0,0
230429,2018,7,21,6,27,5535,553.0,0,0
234973,2018,7,20,6,26,4108,410.0,0,0
235092,2018,7,20,11,31,3162,316.0,0,0
237094,2018,7,19,11,30,3210,321.0,0,0
240044,2018,7,17,9,26,3692,369.0,0,0
244865,2018,7,18,10,28,5488,548.0,0,0
252954,2018,7,17,10,27,1917,191.0,0,0
254567,2018,7,20,11,31,5766,576.0,0,0
255740,2018,7,18,8,26,4082,408.0,0,0
255836,2018,7,16,10,26,4030,403.0,0,0
256323,2018,7,18,11,29,2291,229.0,0,0
257862,2018,7,19,11,30,2490,249.0,0,0
260855,2018,7,20,9,29,2581,258.0,0,0
262099,2018,7,18,8,26,3458,345.0,0,0
725086,2017,7,18,11,29,2929,292.0,623,50
590280,2018,7,18,11,29,2929,292.0,623,50
263246,2018,7,16,10,26,3874,387.0,0,0
263402,2018,7,17,9,26,3666,366.0,0,0
263569,2018,7,19,11,30,6120,612.0,0,0
267428,2018,7,17,10,27,5805,580.0,0,0
270935,2018,7,20,10,30,5340,534.0,0,0
271148,2018,7,20,6,26,2444,244.0,0,0
275244,2018,7,19,9,28,3920,392.0,0,0
276035,2018,7,19,9,28,5936,593.0,0,0
276152,2018,7,18,11,29,2639,263.0,0,0
277565,2018,7,21,5,26,5252,525.0,0,0
277587,2018,7,17,9,26,4758,475.0,0,0
278307,2018,7,21,8,29,1827,182.0,0,0
279409,2018,7,16,10,26,2704,270.0,0,0
280545,2018,7,20,8,28,3108,310.0,0,0
282259,2018,7,18,9,27,5238,523.0,0,0
283807,2018,7,21,7,28,5292,529.0,0,0
288419,2018,7,18,10,28,3640,364.0,0,0
299769,2018,7,21,6,27,2322,232.0,0,0
300806,2018,7,17,9,26,3198,319.0,0,0
304601,2018,7,17,11,28,2968,296.0,0,0
305171,2018,7,16,10,26,3406,340.0,0,0
308379,2018,7,19,9,28,3164,316.0,0,0
310700,2018,7,21,11,32,4960,496.0,0,0
310853,2018,7,20,6,26,2340,234.0,0,0
311946,2018,7,19,10,29,4292,429.0,0,0
314258,2018,7,21,9,30,3060,306.0,0,0
314742,2018,7,16,10,26,5616,561.0,0,0
318561,2018,7,19,10,29,4234,423.0,0,0
318595,2018,7,19,7,26,2860,286.0,0,0
319304,2018,7,16,10,26,3328,332.0,0,0
327163,2018,7,17,9,26,2730,273.0,0,0
327796,2018,7,19,11,30,5100,510.0,0,0
328303,2018,7,21,11,32,5152,515.0,0,0
329587,2018,7,18,9,27,5859,585.0,0,0
331184,2018,7,15,11,26,4446,444.0,0,0
331598,2018,7,21,8,29,5858,585.0,0,0
335246,2018,7,21,5,26,3172,317.0,0,0
335554,2018,7,18,11,29,3538,353.0,0,0
336882,2018,7,19,10,29,4350,435.0,0,0
336882,2018,7,18,10,28,4872,487.0,0,0
337488,2018,7,18,9,27,3105,310.0,0,0
338803,2018,7,16,11,27,4104,410.0,0,0
342527,2018,7,21,10,31,5642,564.0,0,0
345931,2018,7,18,9,27,3699,369.0,0,0
346346,2018,7,19,7,26,4082,408.0,0,0
349132,2018,7,21,8,29,3915,391.0,0,0
350692,2018,7,17,11,28,1988,198.0,0,0
352005,2018,7,17,10,27,4806,480.0,0,0
354442,2018,7,19,8,27,5994,599.0,0,0
357199,2018,7,20,11,31,5859,585.0,0,0
358513,2018,7,17,9,26,5538,553.0,0,0
358794,2018,7,17,9,26,2262,226.0,0,0
362167,2018,7,16,10,26,3224,322.0,0,0
362471,2018,7,16,11,27,5157,515.0,0,0
366654,2018,7,17,10,27,5265,526.0,0,0
366911,2018,7,16,10,26,5850,585.0,0,0
367811,2018,7,18,10,28,2912,291.0,0,0
368523,2018,7,20,6,26,1690,169.0,0,0
368566,2018,7,19,10,29,3509,350.0,0,0
369141,2018,7,17,11,28,2436,243.0,0,0
374275,2018,7,18,9,27,5751,575.0,0,0
374440,2018,7,20,7,27,4347,434.0,0,0
374639,2018,7,21,7,28,4060,406.0,0,0
374721,2018,7,15,11,26,5486,548.0,0,0
378181,2018,7,20,7,27,2619,261.0,0,0
380294,2018,7,21,9,30,3450,345.0,0,0
389551,2018,7,21,11,32,2368,236.0,0,0
389706,2018,7,20,6,26,4654,465.0,0,0
327910,2017,6,20,7,27,2619,261.0,535,43
968034,2018,6,20,7,27,2619,261.0,535,43
390911,2018,7,17,9,26,5018,501.0,0,0
391542,2018,7,19,11,30,5700,570.0,0,0
392953,2018,7,17,10,27,2025,202.0,0,0
396998,2018,7,19,11,30,2160,216.0,0,0
401055,2018,7,19,8,27,4995,499.0,0,0
403893,2018,7,21,11,32,4928,492.0,0,0
404742,2018,7,20,7,27,5994,599.0,0,0
406254,2018,7,20,6,26,2782,278.0,0,0
407340,2018,7,18,11,29,4582,458.0,0,0
408990,2018,7,20,8,28,3668,366.0,0,0
409102,2018,7,19,7,26,5304,530.0,0,0
410341,2018,7,18,9,27,2052,205.0,0,0
411523,2018,7,21,11,32,5344,534.0,0,0
413266,2018,7,15,11,26,5252,525.0,0,0
414318,2018,7,16,10,26,4238,423.0,0,0
415327,2018,7,20,8,28,3752,375.0,0,0
415381,2018,7,18,11,29,2755,275.0,0,0
418166,2018,7,21,9,30,3300,330.0,0,0
418327,2018,7,20,9,29,4031,403.0,0,0
418470,2018,7,20,6,26,2158,215.0,0,0
419758,2018,7,20,6,26,4134,413.0,0,0
422204,2018,7,20,10,30,4590,459.0,0,0
422358,2018,7,20,11,31,3379,337.0,0,0
424100,2018,7,19,11,30,5010,501.0,0,0
430817,2018,7,18,8,26,2782,278.0,0,0
431899,2018,7,16,11,27,3294,329.0,0,0
433857,2018,7,20,6,26,2470,247.0,0,0
434113,2018,7,21,7,28,4088,408.0,0,0
435378,2018,7,21,10,31,4402,440.0,0,0
443130,2018,7,18,11,29,4292,429.0,0,0
447387,2018,7,17,10,27,5940,594.0,0,0
448774,2018,7,19,7,26,5746,574.0,0,0
451528,2018,7,20,7,27,3105,310.0,0,0
451740,2018,7,17,9,26,2262,226.0,0,0
453971,2018,7,18,10,28,5292,529.0,0,0
458041,2018,7,18,11,29,5771,577.0,0,0
459099,2018,7,19,9,28,5852,585.0,0,0
459971,2018,7,17,11,28,5208,520.0,0,0
460934,2018,7,21,7,28,3836,383.0,0,0
465530,2018,7,18,8,26,4342,434.0,0,0
466953,2018,7,18,8,26,3146,314.0,0,0
467222,2018,7,21,6,27,4644,464.0,0,0
472356,2018,7,17,11,28,2632,263.0,0,0
474305,2018,7,16,11,27,3402,340.0,0,0
474921,2018,7,20,10,30,4470,447.0,0,0
477739,2018,7,20,8,28,3220,322.0,0,0
478107,2018,7,21,5,26,4368,436.0,0,0
479593,2018,7,20,9,29,3277,327.0,0,0
479766,2018,7,16,10,26,4082,408.0,0,0
484733,2018,7,17,11,28,3864,386.0,0,0
486143,2018,7,20,11,31,5208,520.0,0,0
486776,2018,7,20,6,26,2366,236.0,0,0
488884,2018,7,18,11,29,2349,234.0,0,0
489781,2018,7,17,11,28,1792,179.0,0,0
491253,2018,7,20,6,26,5174,517.0,0,0
491351,2018,7,15,11,26,3380,338.0,0,0
491369,2018,7,19,10,29,1856,185.0,0,0
492433,2018,7,16,10,26,2938,293.0,0,0
492757,2018,7,19,11,30,3750,375.0,0,0
493775,2018,7,18,9,27,4023,402.0,0,0
494600,2018,7,20,8,28,4256,425.0,0,0
500759,2018,7,17,10,27,3294,329.0,0,0
501699,2018,7,21,8,29,3045,304.0,0,0
502585,2018,7,21,10,31,4185,418.0,0,0
506170,2018,7,21,11,32,4768,476.0,0,0
509108,2018,7,20,7,27,3132,313.0,0,0
512522,2018,7,20,10,30,4410,441.0,0,0
515049,2018,7,16,10,26,3614,361.0,0,0
515645,2018,7,18,11,29,3799,379.0,0,0
515969,2018,7,16,10,26,1898,189.0,0,0
516224,2018,7,20,9,29,2639,263.0,0,0
516519,2018,7,20,6,26,4888,488.0,0,0
517702,2018,7,18,9,27,5238,523.0,0,0
522261,2018,7,16,10,26,4680,468.0,0,0
523246,2018,7,21,5,26,3718,371.0,0,0
523642,2018,7,21,11,32,5888,588.0,0,0
523722,2018,7,19,10,29,2378,237.0,0,0
523897,2018,7,16,11,27,5346,534.0,0,0
525740,2018,7,17,9,26,5018,501.0,0,0
526747,2018,7,15,11,26,4576,457.0,0,0
528363,2018,7,17,11,28,5964,596.0,0,0
531514,2018,7,21,7,28,5208,520.0,0,0
532997,2018,7,19,9,28,5460,546.0,0,0
536124,2018,7,20,7,27,3456,345.0,0,0
536794,2018,7,19,9,28,4228,422.0,0,0
538760,2018,7,20,11,31,3751,375.0,0,0
542696,2018,7,21,8,29,4524,452.0,0,0
546997,2018,7,21,11,32,4192,419.0,0,0
547357,2018,7,19,9,28,2016,201.0,0,0
547442,2018,7,18,9,27,4131,413.0,0,0
547561,2018,7,20,11,31,5425,542.0,0,0
549238,2018,7,19,9,28,2408,240.0,0,0
549757,2018,7,21,5,26,1846,184.0,0,0
553061,2018,7,20,9,29,3770,377.0,0,0
553412,2018,7,15,11,26,3068,306.0,0,0
555298,2018,7,21,5,26,5694,569.0,0,0
561481,2018,7,21,10,31,5766,576.0,0,0
563188,2018,7,21,6,27,2538,253.0,0,0
564959,2018,7,17,11,28,3416,341.0,0,0
565710,2018,7,20,8,28,5208,520.0,0,0
565900,2018,7,18,8,26,2288,228.0,0,0
566696,2018,7,17,11,28,3528,352.0,0,0
566737,2018,7,19,11,30,2970,297.0,0,0
566961,2018,7,16,11,27,6021,602.0,0,0
569369,2018,7,19,9,28,2800,280.0,0,0
571017,2018,7,21,5,26,2470,247.0,0,0
572663,2018,7,17,10,27,2133,213.0,0,0
574330,2018,7,16,11,27,4725,472.0,0,0
575574,2018,7,21,7,28,4788,478.0,0,0
577156,2018,7,19,8,27,3834,383.0,0,0
579424,2018,7,20,8,28,2912,291.0,0,0
585629,2018,7,16,10,26,4082,408.0,0,0
586446,2018,7,17,10,27,2700,270.0,0,0
588917,2018,7,16,10,26,2912,291.0,0,0
595169,2018,7,17,11,28,5096,509.0,0,0
595320,2018,7,20,10,30,2370,237.0,0,0
600432,2018,7,17,11,28,2660,266.0,0,0
601341,2018,7,19,11,30,1920,192.0,0,0
601448,2018,7,19,10,29,4611,461.0,0,0
604019,2018,7,19,11,30,3540,354.0,0,0
604470,2018,7,17,9,26,4316,431.0,0,0
605134,2018,7,20,10,30,2580,258.0,0,0
605874,2018,7,15,11,26,2886,288.0,0,0
607123,2018,7,20,6,26,2678,267.0,0,0
608070,2018,7,20,11,31,4960,496.0,0,0
611436,2018,7,16,10,26,6058,605.0,0,0
611873,2018,7,15,11,26,3614,361.0,0,0
614063,2018,7,18,11,29,4669,466.0,0,0
616920,2018,7,18,11,29,2378,237.0,0,0
618329,2018,7,17,9,26,4186,418.0,0,0
618731,2018,7,19,11,30,5610,561.0,0,0
624980,2018,7,20,6,26,3744,374.0,0,0
627791,2018,7,20,7,27,3591,359.0,0,0
639701,2018,7,15,11,26,2366,236.0,0,0
640110,2018,7,16,10,26,5824,582.0,0,0
640418,2018,7,20,9,29,3596,359.0,0,0
641869,2018,7,21,7,28,2072,207.0,0,0
642102,2018,7,21,7,28,4004,400.0,0,0
643117,2018,7,18,9,27,2862,286.0,0,0
648077,2018,7,17,9,26,5616,561.0,0,0
653441,2018,7,18,10,28,5908,590.0,0,0
654073,2018,7,20,6,26,3120,312.0,0,0
657118,2018,7,16,11,27,4185,418.0,0,0
658861,2018,7,19,8,27,4455,445.0,0,0
659205,2018,7,21,11,32,2720,272.0,0,0
661708,2018,7,20,9,29,3828,382.0,0,0
661744,2018,7,19,9,28,2408,240.0,0,0
662268,2018,7,19,9,28,4508,450.0,0,0
666189,2018,7,17,10,27,2349,234.0,0,0
669894,2018,7,20,10,30,2370,237.0,0,0
670606,2018,7,16,10,26,1794,179.0,0,0
671933,2018,7,21,5,26,3666,366.0,0,0
674327,2018,7,21,7,28,3948,394.0,0,0
675457,2018,7,19,10,29,5278,527.0,0,0
677527,2018,7,21,11,32,2496,249.0,0,0
681309,2018,7,17,11,28,3136,313.0,0,0
681984,2018,7,18,10,28,5460,546.0,0,0
687199,2018,7,19,8,27,2484,248.0,0,0
689839,2018,7,21,9,30,3570,357.0,0,0
691220,2018,7,19,11,30,3000,300.0,0,0
694158,2018,7,18,11,29,4524,452.0,0,0
695250,2018,7,20,6,26,5070,507.0,0,0
699962,2018,7,18,10,28,5712,571.0,0,0
700918,2018,7,21,11,32,3648,364.0,0,0
701036,2018,7,20,10,30,2820,282.0,0,0
702161,2018,7,20,6,26,4186,418.0,0,0
702588,2018,7,17,9,26,5720,572.0,0,0
702746,2018,7,17,9,26,3276,327.0,0,0
706918,2018,7,20,11,31,3565,356.0,0,0
709415,2018,7,20,11,31,6293,629.0,0,0
717229,2018,7,15,11,26,3692,369.0,0,0
719824,2018,7,21,10,31,2387,238.0,0,0
721406,2018,7,21,9,30,2190,219.0,0,0
722003,2018,7,21,7,28,5152,515.0,0,0
723061,2018,7,17,9,26,2730,273.0,0,0
724168,2018,7,17,11,28,3276,327.0,0,0
724424,2018,7,18,10,28,3668,366.0,0,0
724626,2018,7,18,9,27,3267,326.0,0,0
725705,2018,7,17,11,28,2912,291.0,0,0
727847,2018,7,21,5,26,4732,473.0,0,0
728043,2018,7,18,9,27,2295,229.0,0,0
728563,2018,7,17,11,28,3892,389.0,0,0
729561,2018,7,21,11,32,5536,553.0,0,0
730388,2018,7,21,8,29,2001,200.0,0,0
732813,2018,7,17,9,26,4628,462.0,0,0
735770,2018,7,19,8,27,2808,280.0,0,0
736970,2018,7,19,8,27,4590,459.0,0,0
737906,2018,7,16,11,27,1782,178.0,0,0
740025,2018,7,21,9,30,1920,192.0,0,0
742822,2018,7,15,11,26,4810,481.0,0,0
743798,2018,7,15,11,26,1768,176.0,0,0
748635,2018,7,19,7,26,2106,210.0,0,0
762272,2018,7,20,6,26,5512,551.0,0,0
763591,2018,7,18,8,26,5096,509.0,0,0
764578,2018,7,19,9,28,5292,529.0,0,0
767908,2018,7,17,10,27,5562,556.0,0,0
714555,2017,6,19,8,27,2727,272.0,638,52
712605,2018,6,19,8,27,2727,272.0,638,52
249833,2018,8,18,8,26,2600,260.0,596,48
776795,2018,7,21,9,30,5760,576.0,0,0
777514,2018,7,18,8,26,4654,465.0,0,0
785114,2018,7,21,6,27,4671,467.0,0,0
786391,2018,7,19,11,30,5130,513.0,0,0
787001,2018,7,18,10,28,6020,602.0,0,0
789421,2018,7,20,6,26,5538,553.0,0,0
791132,2018,7,20,11,31,2604,260.0,0,0
792229,2018,7,18,10,28,3220,322.0,0,0
792915,2018,7,17,9,26,3406,340.0,0,0
795283,2018,7,20,6,26,5876,587.0,0,0
795492,2018,7,20,8,28,4704,470.0,0,0
799157,2018,7,19,7,26,5018,501.0,0,0
803407,2018,7,19,8,27,3510,351.0,0,0
807211,2018,7,21,7,28,3248,324.0,0,0
807553,2018,7,20,6,26,2860,286.0,0,0
809107,2018,7,20,11,31,3565,356.0,0,0
812282,2018,7,19,7,26,4212,421.0,0,0
812373,2018,7,18,9,27,4212,421.0,0,0
814490,2018,7,20,11,31,4588,458.0,0,0
818454,2018,7,19,11,30,3570,357.0,0,0
818995,2018,7,18,9,27,3726,372.0,0,0
820164,2018,7,16,11,27,1890,189.0,0,0
821296,2018,7,21,10,31,5208,520.0,0,0
822749,2018,7,19,10,29,6061,606.0,0,0
823112,2018,7,16,10,26,3484,348.0,0,0
823319,2018,7,18,9,27,5778,577.0,0,0
825517,2018,7,16,10,26,4368,436.0,0,0
827731,2018,7,17,9,26,4082,408.0,0,0
828895,2018,7,21,11,32,3808,380.0,0,0
829886,2018,7,20,6,26,5876,587.0,0,0
832864,2018,7,21,11,32,3616,361.0,0,0
834760,2018,7,21,8,29,2987,298.0,0,0
835796,2018,7,20,6,26,3770,377.0,0,0
840008,2018,7,17,9,26,3250,325.0,0,0
841369,2018,7,19,8,27,5643,564.0,0,0
841916,2018,7,15,11,26,4212,421.0,0,0
844125,2018,7,18,9,27,4077,407.0,0,0
845945,2018,7,19,11,30,3300,330.0,0,0
846125,2018,7,18,8,26,5044,504.0,0,0
848250,2018,7,18,11,29,3451,345.0,0,0
849425,2018,7,21,11,32,2752,275.0,0,0
849549,2018,7,17,9,26,4394,439.0,0,0
851830,2018,7,21,10,31,4247,424.0,0,0
851986,2018,7,18,8,26,1794,179.0,0,0
856496,2018,7,20,10,30,4500,450.0,0,0
858669,2018,7,20,7,27,5319,531.0,0,0
859218,2018,7,18,10,28,2576,257.0,0,0
947026,2017,7,15,11,26,2912,291.0,765,62
860980,2018,7,21,7,28,5936,593.0,0,0
231508,2018,7,15,11,26,2912,291.0,765,62
861675,2018,7,18,10,28,4760,476.0,0,0
865406,2018,7,21,5,26,4836,483.0,0,0
867327,2018,7,17,9,26,5642,564.0,0,0
873045,2018,7,18,9,27,3375,337.0,0,0
874939,2018,7,20,11,31,3162,316.0,0,0
875657,2018,7,20,8,28,5292,529.0,0,0
876326,2018,7,19,9,28,3556,355.0,0,0
877384,2018,7,18,10,28,2828,282.0,0,0
877630,2018,7,19,7,26,4680,468.0,0,0
879185,2018,7,21,6,27,3321,332.0,0,0
880065,2018,7,18,9,27,5211,521.0,0,0
881157,2018,7,20,7,27,4806,480.0,0,0
881198,2018,7,21,8,29,2929,292.0,0,0
882725,2018,7,18,11,29,5307,530.0,0,0
883574,2018,7,19,9,28,5264,526.0,0,0
885888,2018,7,17,11,28,1932,193.0,0,0
890051,2018,7,15,11,26,4082,408.0,0,0
891012,2018,7,19,11,30,3120,312.0,0,0
891516,2018,7,17,9,26,2106,210.0,0,0
896790,2018,7,20,7,27,4347,434.0,0,0
904992,2018,7,19,11,30,5430,543.0,0,0
906267,2018,7,20,9,29,5191,519.0,0,0
907157,2018,7,17,10,27,4293,429.0,0,0
909845,2018,7,18,9,27,5859,585.0,0,0
911668,2018,7,18,8,26,3588,358.0,0,0
914609,2018,7,20,7,27,4617,461.0,0,0
917585,2018,7,16,10,26,1976,197.0,0,0
917725,2018,7,21,7,28,2716,271.0,0,0
917798,2018,7,19,8,27,3294,329.0,0,0
924089,2018,7,18,10,28,5964,596.0,0,0
925978,2018,7,19,8,27,2430,243.0,0,0
926250,2018,7,17,11,28,2352,235.0,0,0
929880,2018,7,20,9,29,6061,606.0,0,0
930718,2018,7,17,11,28,2044,204.0,0,0
932526,2018,7,17,10,27,3780,378.0,0,0
935235,2018,7,16,10,26,3900,390.0,0,0
938603,2018,7,20,8,28,4704,470.0,0,0
939094,2018,7,16,10,26,2860,286.0,0,0
814748,2018,6,20,6,26,3458,345.0,0,0
939571,2018,7,19,10,29,5568,556.0,0,0
939683,2018,7,20,9,29,5191,519.0,0,0
945014,2018,7,20,9,29,5452,545.0,0,0
947763,2018,7,18,9,27,3699,369.0,0,0
948053,2018,7,19,8,27,2106,210.0,0,0
950437,2018,7,18,9,27,2538,253.0,0,0
950467,2018,7,20,8,28,5432,543.0,0,0
959059,2018,7,18,8,26,1638,163.0,0,0
960629,2018,7,19,8,27,5805,580.0,0,0
969626,2018,7,21,8,29,2233,223.0,0,0
969933,2018,7,18,10,28,3024,302.0,0,0
971164,2018,7,21,9,30,5670,567.0,0,0
971370,2018,7,19,9,28,2772,277.0,0,0
972298,2018,7,21,11,32,3040,304.0,0,0
974606,2018,7,18,10,28,5516,551.0,0,0
975387,2018,7,18,8,26,3770,377.0,0,0
975614,2018,7,18,8,26,6006,600.0,0,0
976513,2018,7,21,7,28,5712,571.0,0,0
977274,2018,7,18,10,28,3220,322.0,0,0
978484,2018,7,18,10,28,1848,184.0,0,0
979983,2018,7,21,9,30,5880,588.0,0,0
980478,2018,7,19,7,26,5538,553.0,0,0
610432,2017,8,18,9,27,2376,237.0,468,38
950403,2017,12,17,9,26,2288,228.0,445,36
988345,2018,7,21,10,31,3472,347.0,0,0
354547,2018,12,17,9,26,2288,228.0,445,36
989148,2018,7,16,10,26,2626,262.0,0,0
989802,2018,7,21,7,28,4284,428.0,0,0
459164,2018,7,21,11,32,2784,278.0,513,42
615411,2017,6,20,10,30,2640,264.0,500,40
995527,2018,7,18,8,26,2236,223.0,0,0
329364,2018,6,20,10,30,2640,264.0,500,40
817070,2017,6,17,10,27,3807,380.0,674,54
106936,2018,8,18,9,27,1782,178.0,0,0
128156,2018,8,18,8,26,4602,460.0,0,0
139135,2018,8,17,9,26,2028,202.0,0,0
145322,2018,8,18,9,27,4995,499.0,0,0
146086,2018,8,18,9,27,2943,294.0,0,0
154194,2018,8,18,8,26,4550,455.0,0,0
155488,2018,8,17,9,26,4628,462.0,0,0
157766,2018,8,17,9,26,1872,187.0,0,0
193564,2018,8,17,9,26,2366,236.0,0,0
196016,2018,8,17,9,26,1664,166.0,0,0
205671,2018,8,17,9,26,1872,187.0,0,0
822727,2017,8,18,9,27,1701,170.0,421,34
216040,2018,8,17,9,26,4836,483.0,0,0
217204,2018,8,18,9,27,1836,183.0,0,0
221205,2018,8,17,9,26,4680,468.0,0,0
235629,2018,8,18,9,27,2079,207.0,0,0
249813,2018,8,17,9,26,2912,291.0,0,0
257391,2018,8,17,9,26,4836,483.0,0,0
261044,2018,8,17,9,26,3068,306.0,0,0
265317,2018,8,18,9,27,1755,175.0,0,0
266640,2018,8,18,8,26,4160,416.0,0,0
267306,2018,8,18,9,27,3213,321.0,0,0
283338,2018,8,18,9,27,1728,172.0,0,0
285335,2018,8,17,9,26,4420,442.0,0,0
289294,2018,8,18,8,26,4264,426.0,0,0
291148,2018,8,18,9,27,4077,407.0,0,0
299830,2018,8,18,9,27,3213,321.0,0,0
638733,2018,7,18,9,27,2457,245.0,525,42
305807,2018,8,18,9,27,5589,558.0,0,0
306676,2018,8,18,9,27,3888,388.0,0,0
309639,2018,8,18,9,27,4023,402.0,0,0
311619,2018,8,17,9,26,3224,322.0,0,0
318285,2018,8,18,8,26,3276,327.0,0,0
322501,2018,8,18,9,27,2673,267.0,0,0
329300,2018,8,18,8,26,3380,338.0,0,0
330433,2018,8,18,9,27,3051,305.0,0,0
330562,2018,8,17,9,26,2132,213.0,0,0
348672,2018,8,18,9,27,5157,515.0,0,0
355578,2018,8,18,8,26,2990,299.0,0,0
367961,2018,8,18,9,27,3159,315.0,0,0
368523,2018,8,17,9,26,2886,288.0,0,0
369739,2018,8,17,9,26,4446,444.0,0,0
370450,2018,8,18,9,27,4968,496.0,0,0
384744,2018,8,17,9,26,2964,296.0,0,0
387307,2018,8,17,9,26,3276,327.0,0,0
387455,2018,8,17,9,26,4342,434.0,0,0
387506,2018,8,18,9,27,1998,199.0,0,0
391402,2018,8,18,8,26,1976,197.0,0,0
394941,2018,8,18,9,27,3915,391.0,0,0
401722,2018,8,17,9,26,2080,208.0,0,0
403507,2018,8,18,9,27,5346,534.0,0,0
279580,2017,6,20,9,29,2581,258.0,526,43
166175,2018,7,21,10,31,2728,272.0,540,44
409741,2018,8,18,9,27,5319,531.0,0,0
939932,2018,8,18,9,27,2403,240.0,492,40
418793,2018,8,18,9,27,4833,483.0,0,0
423978,2018,8,17,9,26,2418,241.0,0,0
424208,2018,8,18,9,27,2133,213.0,0,0
426384,2018,8,18,8,26,4992,499.0,0,0
427036,2018,8,17,9,26,3432,343.0,0,0
469718,2018,8,18,8,26,1898,189.0,0,0
473758,2018,8,18,8,26,4238,423.0,0,0
910391,2018,7,20,6,26,2782,278.0,765,62
482528,2018,8,18,9,27,2538,253.0,0,0
495168,2018,8,18,9,27,4887,488.0,0,0
497861,2018,8,18,9,27,4617,461.0,0,0
833679,2017,7,17,9,26,5330,533.0,0,0
507281,2018,8,18,9,27,4698,469.0,0,0
514235,2018,8,18,9,27,4617,461.0,0,0
521684,2018,8,18,9,27,4617,461.0,0,0
524234,2018,8,18,9,27,2430,243.0,0,0
525612,2018,8,18,8,26,1638,163.0,0,0
556266,2018,8,17,9,26,1690,169.0,0,0
316290,2018,6,16,10,26,2730,273.0,746,60
566957,2018,8,18,9,27,3051,305.0,0,0
567070,2018,8,18,8,26,1690,169.0,0,0
571670,2018,8,17,9,26,2418,241.0,0,0
582674,2018,8,18,9,27,3915,391.0,0,0
584458,2018,8,18,9,27,2349,234.0,0,0
604783,2018,8,18,9,27,4698,469.0,0,0
609072,2018,8,17,9,26,5122,512.0,0,0
609730,2018,8,18,9,27,5562,556.0,0,0
773598,2017,7,17,11,28,2744,274.0,702,57
881846,2017,6,16,10,26,2600,260.0,682,55
622975,2018,8,17,9,26,3588,358.0,0,0
627502,2018,8,18,9,27,3942,394.0,0,0
663213,2018,8,18,9,27,2052,205.0,0,0
663416,2018,8,18,9,27,2997,299.0,0,0
668510,2018,8,18,9,27,3672,367.0,0,0
675405,2018,8,18,9,27,3294,329.0,0,0
682707,2018,8,18,9,27,3321,332.0,0,0
685171,2018,8,17,9,26,3692,369.0,0,0
686196,2018,8,18,9,27,2727,272.0,0,0
705490,2018,8,17,9,26,4810,481.0,0,0
711864,2018,8,18,9,27,4806,480.0,0,0
744528,2018,8,18,9,27,5508,550.0,0,0
747315,2018,8,17,9,26,5356,535.0,0,0
766886,2018,8,18,9,27,2349,234.0,0,0
769623,2018,8,18,9,27,4212,421.0,0,0
790346,2018,8,18,9,27,3564,356.0,0,0
798216,2018,8,17,9,26,1664,166.0,0,0
801176,2018,8,18,9,27,5535,553.0,0,0
802206,2018,8,18,9,27,5022,502.0,0,0
802425,2018,8,18,9,27,2619,261.0,0,0
821137,2018,8,18,9,27,4050,405.0,0,0
828735,2018,8,18,8,26,2262,226.0,0,0
831404,2018,8,17,9,26,1872,187.0,0,0
855400,2018,8,18,9,27,4185,418.0,0,0
433172,2018,7,19,7,26,2184,218.0,455,37
857708,2018,8,18,9,27,5049,504.0,0,0
406411,2017,7,16,11,27,2295,229.0,494,40
883489,2018,8,18,9,27,5130,513.0,0,0
884909,2018,8,18,9,27,2403,240.0,0,0
894099,2018,8,18,9,27,2484,248.0,0,0
902852,2018,8,17,9,26,2834,283.0,0,0
903359,2018,8,17,9,26,2834,283.0,0,0
921357,2018,8,18,8,26,3848,384.0,0,0
951941,2018,8,18,9,27,3726,372.0,0,0
965674,2018,8,17,9,26,5096,509.0,0,0
968034,2018,8,18,9,27,3780,378.0,0,0
969689,2018,8,18,9,27,2133,213.0,0,0
845947,2018,6,19,9,28,5488,548.0,0,0
973485,2018,8,18,9,27,5616,561.0,0,0
973951,2018,8,17,9,26,4160,416.0,0,0
996794,2018,8,18,9,27,2997,299.0,0,0
851021,2017,6,17,10,27,4374,437.0,0,0
857353,2018,7,21,5,26,2730,273.0,847,68
851499,2018,6,20,10,30,2010,201.0,807,65
875560,2018,6,17,10,27,2322,232.0,527,43
931183,2017,8,18,9,27,2646,264.0,762,61
101487,2017,6,20,6,26,2470,247.0,700,56
254361,2018,6,20,6,26,2470,247.0,700,56
202055,2018,7,21,7,28,2632,263.0,720,58
506252,2018,12,17,9,26,2158,215.0,490,40
428536,2017,6,19,10,29,2436,243.0,551,45
411420,2017,8,18,9,27,2268,226.0,516,42
642002,2018,8,18,9,27,2268,226.0,516,42
802200,2018,7,20,11,31,2573,257.0,566,46
857912,2018,6,18,9,27,2538,253.0,0,0
859508,2018,7,19,7,26,4810,481.0,531,43
540548,2018,7,16,11,27,2349,234.0,597,48
868830,2017,7,21,10,31,6014,601.0,0,0
626149,2017,7,21,5,26,2340,234.0,646,52
429238,2017,6,17,9,26,2132,213.0,498,40
520428,2017,7,18,10,28,2268,226.0,511,41
193824,2017,6,20,8,28,2548,254.0,726,59
224384,2018,6,20,8,28,2548,254.0,726,59
392619,2018,7,21,9,30,2700,270.0,747,60
945996,2017,8,18,8,26,2366,236.0,678,55
485845,2018,7,17,9,26,2106,210.0,490,40
883468,2017,7,19,11,30,1950,195.0,0,0
883505,2018,7,20,7,27,1701,170.0,0,0
346205,2017,7,20,6,26,2054,205.0,471,38
402918,2018,6,20,7,27,2295,229.0,655,53
948662,2017,7,15,11,26,2054,205.0,511,41
682840,2018,7,15,11,26,2054,205.0,511,41
448147,2017,7,20,8,28,2380,238.0,724,58
330040,2018,7,20,10,30,2550,255.0,796,64
312863,2018,7,18,8,26,2158,215.0,648,52
907077,2017,7,16,10,26,5278,527.0,0,0
614379,2017,6,20,7,27,2052,205.0,477,39
510505,2018,6,20,7,27,2052,205.0,477,39
385190,2017,7,16,10,26,2054,205.0,535,43
769521,2018,7,17,9,26,2106,210.0,644,52
960708,2017,7,21,6,27,2268,226.0,752,61
547802,2017,7,21,8,29,2494,249.0,863,70
924787,2017,7,17,9,26,1924,192.0,0,0
931247,2017,7,21,10,31,6262,626.0,0,0
258408,2017,6,20,8,28,2184,218.0,652,53
974114,2018,7,21,9,30,2340,234.0,670,54
632199,2017,8,18,8,26,2028,202.0,609,49
874161,2018,8,18,8,26,2028,202.0,609,49
941092,2018,6,18,8,26,5850,585.0,0,0
617484,2018,7,19,7,26,2028,202.0,663,54
983822,2018,7,18,8,26,1950,195.0,564,46
585853,2017,7,18,10,28,2184,218.0,748,60
439013,2018,7,18,10,28,2184,218.0,748,60
192994,2018,6,17,9,26,2054,205.0,728,59
942926,2018,6,16,10,26,3198,319.0,0,0
199478,2017,12,17,9,26,1794,179.0,427,35
713085,2018,7,21,11,32,2208,220.0,492,40
480760,2017,8,18,9,27,1890,189.0,449,36
438199,2017,7,18,10,28,2128,212.0,806,65
840326,2017,6,17,9,26,2002,200.0,784,63
450150,2018,6,17,9,26,2002,200.0,784,63
951879,2018,6,20,9,29,4234,423.0,0,0
598711,2018,7,20,6,26,2028,202.0,868,70
328576,2017,7,19,11,30,2130,213.0,627,51
234588,2018,8,17,9,26,1846,184.0,570,46
855384,2018,7,19,10,29,2088,208.0,730,59
135076,2018,6,18,9,27,1971,197.0,710,57
283929,2017,7,19,9,28,2100,210.0,863,70
168302,2018,12,17,9,26,4472,447.0,0,0
836343,2017,7,20,10,30,2040,204.0,559,45
681887,2018,7,20,10,30,2040,204.0,559,45
256360,2018,12,17,9,26,2054,205.0,0,0
315848,2018,12,17,9,26,3198,319.0,0,0
976423,2017,6,18,9,27,2997,299.0,0,0
976423,2018,7,19,8,27,4023,402.0,0,0
976423,2018,8,17,9,26,3484,348.0,0,0
351296,2018,12,17,9,26,2262,226.0,0,0
355331,2018,12,17,9,26,3900,390.0,0,0
356240,2018,12,17,9,26,3978,397.0,0,0
360240,2018,12,17,9,26,2912,291.0,0,0
360942,2018,12,17,9,26,3562,356.0,0,0
395511,2018,12,17,9,26,4654,465.0,0,0
416091,2018,12,17,9,26,2678,267.0,0,0
979639,2017,7,18,9,27,5751,575.0,0,0
492883,2018,12,17,9,26,2496,249.0,0,0
513661,2018,12,17,9,26,3172,317.0,0,0
519677,2018,12,17,9,26,2574,257.0,0,0
523170,2018,12,17,9,26,4576,457.0,0,0
527773,2018,12,17,9,26,2990,299.0,0,0
286551,2018,7,21,11,32,2144,214.0,831,67
708539,2018,12,17,9,26,1742,174.0,715,58
300964,2017,8,18,9,27,1809,180.0,754,61
537132,2017,6,20,10,30,2010,201.0,807,65
553061,2018,12,17,9,26,3718,371.0,0,0
537907,2018,7,20,8,28,1848,184.0,609,49
987612,2018,6,17,10,27,2862,286.0,0,0
987612,2018,7,16,11,27,5886,588.0,0,0
639613,2018,12,17,9,26,5044,504.0,0,0
654187,2018,12,17,9,26,3016,301.0,0,0
662045,2018,12,17,9,26,3146,314.0,0,0
387650,2017,12,17,9,26,1716,171.0,679,55
675516,2018,8,18,9,27,1782,178.0,715,58
704267,2018,12,17,9,26,4966,496.0,0,0
707146,2018,12,17,9,26,4394,439.0,0,0
909476,2017,7,20,10,30,1890,189.0,462,37
833783,2018,7,20,10,30,1890,189.0,462,37
742509,2018,6,19,9,28,1764,176.0,450,36
799781,2018,12,17,9,26,4082,408.0,0,0
826113,2018,12,17,9,26,1976,197.0,0,0
400979,2017,7,19,10,29,1885,188.0,794,64
996488,2018,8,17,9,26,1690,169.0,720,58
844125,2018,12,17,9,26,4732,473.0,0,0
884433,2018,7,21,5,26,1690,169.0,859,69
997710,2017,7,19,11,30,3900,390.0,0,0
883230,2018,12,17,9,26,4134,413.0,0,0
893057,2018,12,17,9,26,2054,205.0,0,0
894111,2018,12,17,9,26,2236,223.0,0,0
895185,2018,12,17,9,26,4108,410.0,0,0
909106,2018,12,17,9,26,3978,397.0,0,0
910142,2018,12,17,9,26,4186,418.0,0,0
